{"algo": "PPO", "env_name": "HalfCheetah-v4", "partial": false, "seed": 0, "hidden_dim": 12, "project_dim": 2, "eval_iterations": [5, 10, 15, 20, 25, 30, 35, 40, 45, 50, 55, 60, 65, 70, 75, 80, 85, 90, 95, 100, 105, 110, 115, 120, 125, 130, 135, 140, 145, 150, 155, 160, 165, 170, 175, 180, 185, 190, 195, 200, 205, 210, 215, 220, 225, 230, 235, 240, 245, 250, 255, 260, 265, 270, 275, 280, 285, 290, 295, 300, 305, 310, 315, 320, 325, 330, 335, 340, 345, 350, 355, 360, 365, 370, 375, 380, 385, 390, 395, 400, 405, 410, 415, 420, 425, 430, 435, 440, 445, 450, 455, 460, 465, 470, 475, 480, 485], "eval_means": [-22.745574412370207, -22.652336435726465, -23.240075670105035, -23.63334433388387, -23.265208476506846, -24.554070514023817, -24.823129196182716, -24.52745415954496, -24.458165801909562, -24.75037688946695, -24.231366460858627, -23.739432747490437, -25.309168751823087, -25.43550747037938, -26.36101594267492, -26.093617690075067, -26.80929217020592, -31.952343279566776, -39.085504171430216, -49.0286293933172, -53.124477154267936, -57.69758097732619, -48.64890009946645, -44.69523791059205, -39.14606406238893, -46.52566699465807, -47.231165397359035, -37.40169344166086, -36.495411046743236, -37.345773783792104, -37.124574045704406, -39.08956465506801, -38.16572945857918, -37.9113793531941, -36.307688516958116, -33.42642548034119, -39.792936788649314, -40.00806557825766, -35.715411950763716, -37.31547154927349, -38.32629096707172, -38.65470892908878, -38.0349907628816, -36.737483692637724, -33.893822078970246, -35.908846176957326, -36.97083490681771, -15.116055882390544, -8.313154539364355, -13.08812375837324, -9.06194189031515, -10.969742409086338, -10.59660774950459, -18.62624207978334, -20.929321399760557, -15.111913760430248, -14.58306458940398, -13.389519984491947, -12.429689827742422, -14.53038011255175, -13.791213979485708, -13.561221376156157, -13.82903467066902, -13.770215805073665, -16.33941289353564, -20.786375950743427, -20.501484316818363, -18.97854117814849, -17.64748328804226, -16.583728844133805, -17.54746235568859, -18.307749389071077, -16.052546551392236, -16.139952757429963, -15.302590691656107, -16.19816027091043, -18.784693710452082, -19.269046091178733, -19.49736092559879, -22.08242028829668, -23.740713350202167, -24.944100375389215, -25.509799778817364, -24.27003102956443, -22.391206472672675, -23.28389043224023, -22.372328288598446, -22.732180645262453, -23.02802086969312, -23.533870459223973, -24.794386707730478, -24.40801665950145, -24.478877727757745, -24.44944421295983, -24.479663245117557, -24.59659281819967, -25.311670355958892], "final_eval_returns": [-28.659295979800337, -24.798316770964995, -26.24084630035813, -21.481168036243268, -23.26868366584001, -27.58230838860132, -25.671993745978455, -24.60293666021507, -26.089397270925765, -22.960168300014413, -25.75080161000755, -25.78000359755679, -26.342170029084535, -22.515750964987852, -22.426019189931253, -24.72641282729505, -24.555699104674293, -25.21687804239763, -23.812513481516522, -25.836595920723877, -24.252945389921727, -26.36978742324581, -25.769588369883607, -25.250947211733397, -24.653000848343112, -24.831655246816144, -24.79905620762853, -28.12482127524886, -26.14324597557086, -27.11581791784214, -26.242385846256568, -23.451336161972797, -27.193322510107183, -25.605175357337373, -27.200644550568423, -27.03142376398564, -25.33502387262176, -27.43568295877687, -23.727844130671027, -22.855312855840943, -26.275447925541208, -24.960530855196748, -21.127912367907637, -28.294818786027562, -27.16427779120187, -26.507773128200036, -25.229332571125937, -23.772122130999875, -25.53549378841053, -28.0243520139919], "final_eval_mean": -25.371980782401867, "final_eval_std": 1.7254767512987668, "total_iterations": 488, "elapsed_seconds": 8722.715880393982}