{"algo": "PPO", "env_name": "HalfCheetah-v4", "partial": false, "seed": 3, "hidden_dim": 64, "project_dim": null, "eval_iterations": [5, 10, 15, 20, 25, 30, 35, 40, 45, 50, 55, 60, 65, 70, 75, 80, 85, 90, 95, 100, 105, 110, 115, 120, 125, 130, 135, 140, 145, 150, 155, 160, 165, 170, 175, 180, 185, 190, 195, 200, 205, 210, 215, 220, 225, 230, 235, 240, 245, 250, 255, 260, 265, 270, 275, 280, 285, 290, 295, 300, 305, 310, 315, 320, 325, 330, 335, 340, 345, 350, 355, 360, 365, 370, 375, 380, 385, 390, 395, 400, 405, 410, 415, 420, 425, 430, 435, 440, 445, 450, 455, 460, 465, 470, 475, 480, 485], "eval_means": [-8.517912978816568, -8.119970875298554, -8.875116202934976, -9.890961797221372, -10.16841687405817, -13.00932193834625, -13.623072173360418, -15.934549059865137, -21.295325742466304, -23.321501552314672, -25.30766181709531, -27.49908678482041, -28.082320110808784, -33.00256484638943, -33.03287513698822, -35.595908612669874, -37.471223785478756, 1.6527933704569333, 4.31691025461202, 4.904245091297277, 2.0187418285758225, 3.803210512441956, 4.688665239623601, 2.3531779179295444, 5.63471831422213, 3.0300451505239483, 9.233335265526062, 6.004321220060402, 5.327427876792119, 5.418529564876158, 5.2791048040836905, 5.833352058281386, 4.193037078718575, -2.938963811263159, -2.6310283704435045, -1.0054474868553631, -0.16540593603862405, -4.215761691507298, 1.2036514100267874, -1.048253867268605, -5.394344039825968, -3.8322226432560194, -3.8533200586306733, -3.0453257106939073, -1.4551800773099957, -5.22607177879221, -2.1403844044670364, -1.5522441276156078, -3.7504831111099235, -7.64719343389353, -8.399314020759178, -7.1487244754447525, -8.85923403178752, -7.931341980794136, -4.536658421047665, -6.898360701296217, -8.060598159246608, -8.384786896176399, -10.51058179982789, -6.806424482906452, -8.253944315869152, -9.158824271040935, -7.838772999114278, -11.707571426112525, -11.23975684253732, -11.019536096302236, -12.960875034883388, -12.190127439809615, -14.247075422298838, -16.807579604832494, -16.896260883121194, -15.577496247469423, -17.314082541646393, -20.540910696030114, -17.030000881322604, -19.909732857990242, -19.61563555278878, -22.630551654205018, -28.896661639735388, -28.120044062004805, -25.963705666894697, -29.917774045485668, -33.71375556755986, -32.9011388893222, -35.97087599972265, -34.63696362333742, -31.587710997145354, -32.907141472453944, -34.11150842200999, -37.330822508702916, -36.27652451538151, -34.37264530352741, -33.69918759697865, -34.71743177346061, -34.59160292992364, -34.37798275056382, -35.20699467887257], "final_eval_returns": [-35.92621909265439, -35.889511246192484, -35.300116865264684, -36.41154217143598, -35.71480296144193, -35.09311838290012, -33.570356419673615, -34.57627838871941, -34.50322825689926, -33.61501472939637, -34.58905738780241, -33.540782110078574, -34.28536671171056, -35.96690998131043, -36.23531566969589, -31.87332221505795, -34.31398357225807, -34.58266457949589, -36.1200667974852, -37.82546201900667, -35.48129372099713, -33.47840878859019, -35.51602821717458, -34.4625347461996, -34.53375953548355, -33.95618491121234, -33.85290099787009, -33.02276453597744, -34.57740798610144, -34.97058002339938, -34.53746081459771, -33.39961366172936, -34.37676373569874, -37.309072970255016, -32.91351919293147, -36.71634584536964, -34.05324932694173, -33.705392042107256, -35.100611618118016, -35.16980486894984, -35.24760444473576, -33.9862644412322, -35.35058463328178, -35.355597681190275, -35.34038140070557, -32.37810626912118, -37.684025421705414, -35.97396933363221, -33.86074346977936, -32.676223449517515], "final_eval_mean": -34.77840635286171, "final_eval_std": 1.2846135003818713, "total_iterations": 488, "elapsed_seconds": 8470.808768510818}