{"algo": "PPO", "env_name": "HalfCheetah-v4", "partial": false, "seed": 4, "hidden_dim": 64, "project_dim": null, "eval_iterations": [5, 10, 15, 20, 25, 30, 35, 40, 45, 50, 55, 60, 65, 70, 75, 80, 85, 90, 95, 100, 105, 110, 115, 120, 125, 130, 135, 140, 145, 150, 155, 160, 165, 170, 175, 180, 185, 190, 195, 200, 205, 210, 215, 220, 225, 230, 235, 240, 245, 250, 255, 260, 265, 270, 275, 280, 285, 290, 295, 300, 305, 310, 315, 320, 325, 330, 335, 340, 345, 350, 355, 360, 365, 370, 375, 380, 385, 390, 395, 400, 405, 410, 415, 420, 425, 430, 435, 440, 445, 450, 455, 460, 465, 470, 475, 480, 485], "eval_means": [-2.3423787457105854, -1.9472917913142007, -2.226411634104574, -2.6101839640791877, -3.1205618902124614, -3.024245904781346, -3.6246974130713063, -6.382009048881639, -9.703980452597472, -12.877549820208321, -18.628419352272477, -17.924072766238805, -25.749908186360223, -32.67595857366413, -36.355918741588894, -39.794304715607126, -38.990424221738174, 9.414825721180692, 10.236483337122294, 9.44247379476398, 2.666911465591268, -26.748273730177942, -47.32068003195956, -55.72775030086845, -32.82225808047985, -26.989561961109725, -49.68428020607861, -6.358565888342184, -65.44137436354424, -57.056050642011336, -61.510686471107185, 13.234495512759365, 15.39064572068201, 17.836719497671183, 15.094838918566229, 15.262090873246725, 19.38473301929444, 13.909793354880449, 10.66116920243969, 13.087798632934614, 14.31640488244708, 19.551545424077993, 15.452136631246097, 19.259986258244744, 21.396299179971276, 20.994765523768965, 16.2694686962283, 10.879991245562822, 8.313001449319104, 7.956060910109456, 3.023792148171131, 4.09198841250786, 9.888611175490855, 16.51136173243794, 7.58730465531747, 5.795541697143077, 0.7574246755882064, 3.0851146515839707, 8.674019398307303, 2.2379391748866833, 12.466286123966997, 147.77632937267146, 204.37902035684124, 678.529263029898, 742.4271418187607, 784.3512148748539, 830.9543294199066, 841.9046587578097, 855.2603261274319, 847.6471890440667, 832.8499282750646, 819.2812891694061, 820.9867810639973, 805.8436971361523, 819.281107764169, 817.6818637437646, 813.5202003456175, 814.3488934115965, 813.864277736099, 816.5920857443492, 815.2385466558607, 804.2434855248647, 803.0197054949267, 810.0370225581182, 766.9882934740103, 795.536930865819, 808.856849327386, 814.6334164103486, 831.3171772654321, 820.1679965877817, 825.8297741893341, 828.1736552780717, 832.0664443287195, 834.6193397687825, 831.9268796506865, 840.975420407113, 840.9116746219651], "final_eval_returns": [861.1336751077934, 843.1590661430313, 803.0746276577518, 798.899883785475, 869.6849680825435, 846.653543354154, 826.0432922828576, 804.2475102122896, 856.168705085795, 866.7826730140496, 837.1472412271642, 807.9424667740623, 824.5940065281012, 799.1501715382724, 795.9698332137415, 798.142822631911, 791.9795721215391, 858.7048772437466, 819.5061703043667, 774.511634270794, 904.4001243302552, 789.9488205183872, 843.5918927070708, 773.3124718903159, 851.1423942401075, 833.5688233918752, 834.3826924452123, 845.0494453522524, 838.8786228405502, 827.0996834979378, 822.054814062196, 879.7240048903309, 855.0622217064547, 795.8195383447198, 899.9278390222565, 856.8486390882691, 878.0689225895494, 869.3634846698371, 869.3300861903545, 847.2429756053397, 850.4424790742916, 838.9923831116812, 831.4480636797683, 757.5474591987438, 855.4975908027593, 902.0190921486965, 865.6206743371972, 810.6668262793601, 830.8052724419135, 863.313994941075], "final_eval_mean": 836.0933614795639, "final_eval_std": 33.47080541363075, "total_iterations": 488, "elapsed_seconds": 8202.752673387527}