{"algo": "PPO", "env_name": "HalfCheetah-v4", "partial": false, "seed": 1, "hidden_dim": 12, "project_dim": 2, "eval_iterations": [5, 10, 15, 20, 25, 30, 35, 40, 45, 50, 55, 60, 65, 70, 75, 80, 85, 90, 95, 100, 105, 110, 115, 120, 125, 130, 135, 140, 145, 150, 155, 160, 165, 170, 175, 180, 185, 190, 195, 200, 205, 210, 215, 220, 225, 230, 235, 240, 245, 250, 255, 260, 265, 270, 275, 280, 285, 290, 295, 300, 305, 310, 315, 320, 325, 330, 335, 340, 345, 350, 355, 360, 365, 370, 375, 380, 385, 390, 395, 400, 405, 410, 415, 420, 425, 430, 435, 440, 445, 450, 455, 460, 465, 470, 475, 480, 485], "eval_means": [-33.812627294572465, -34.1927101690882, -32.12175452870269, -29.555725512244088, -27.485792075598496, -24.97353350229511, -23.52341439416, -22.4366768762862, -23.015627808772216, -22.98586368132335, -21.89260543348507, -20.287047987135516, -21.69410568235072, -22.701686802895427, -23.697526808153338, -29.16729474595918, -30.495892990169313, -29.772815492736708, -33.83181499056762, -34.26430181575601, -34.00165879479249, -32.82226555161804, -38.450099520342235, -25.453343708993135, -27.384426094824754, -25.02992593528479, -25.389841490419734, -27.868295945331433, -30.15732280515238, -33.86371861478577, -34.22857670314965, -57.78092190633599, -54.37141877814559, -52.10101930538807, -49.478880465649155, -49.78405972473949, -49.952021251047206, -29.251694342213696, -31.20686503990005, -32.1705897088763, -34.22384207510843, -32.82555229966836, -34.62172687119838, -30.2935122285726, -26.208755358067627, -27.0997178505758, -28.01373189827286, -27.395280266054797, -27.32586574128701, -24.699981100629444, -22.8491640124039, -23.357646349176335, -23.797512093660597, -25.027935450409313, -24.775630395759975, -24.124694917636344, -23.93677870120866, -22.203389408162256, -22.416800215983194, -21.382960363805683, -21.924289497513684, -21.066229497802265, -21.23135096340124, -21.131839002460705, -22.093163039736783, -23.201730230202074, -24.441570930980678, -24.324038309627618, -24.12782831252339, -24.381940548863167, -24.89628396445261, -24.382109632840596, -24.58147160906896, -24.600920867434315, -23.9315750278558, -24.77217728458304, -24.74838449739265, -25.765602296105858, -26.063122998070398, -26.10057752093373, -26.29094366644449, -24.543101891359644, -25.15268100163397, -25.59930455080118, -25.624636100203233, -26.03370522642737, -24.780277951736867, -25.0961722650876, -25.16102863958174, -25.2205261829345, -24.7902431896353, -25.143890403195233, -25.123645994305484, -25.447163388030575, -25.979758797936924, -25.833201505264935, -26.281565291591324], "final_eval_returns": [-24.831847629158936, -26.466271678114634, -25.753506782722088, -27.052352766940338, -25.2730468049195, -23.903489030637594, -27.090437581697238, -27.465458236912035, -28.745878494434194, -26.743740614605386, -27.470277963558665, -26.30129182870034, -28.7536017410587, -27.505813768809517, -25.86710491849997, -26.147709898225415, -29.99853791911066, -23.943083194871914, -25.662760678792058, -26.0776464588081, -26.55466729227339, -27.658810719514832, -27.30229334235711, -26.50366264257868, -28.020713223028245, -23.78846902360832, -26.11102283245276, -26.672597880224725, -26.561012661564245, -27.436564327194397, -26.977286224236153, -27.121810682298786, -27.37345607900519, -27.81024872808189, -29.71656906902894, -27.412491572096478, -25.936116758219086, -28.414169320081434, -26.013439918843982, -26.04076011163159, -27.641532356230467, -27.409334934567376, -25.074372312538074, -26.778559911290106, -25.966960701765494, -25.86936981438654, -27.131621192495263, -25.59890074824441, -24.86334827616984, -26.688206879012473], "final_eval_mean": -26.670044550511953, "final_eval_std": 1.2988514236678301, "total_iterations": 488, "elapsed_seconds": 8734.11774802208}