{"algo": "PPO", "env_name": "HalfCheetah-v4", "partial": false, "seed": 3, "hidden_dim": 12, "project_dim": 2, "eval_iterations": [5, 10, 15, 20, 25, 30, 35, 40, 45, 50, 55, 60, 65, 70, 75, 80, 85, 90, 95, 100, 105, 110, 115, 120, 125, 130, 135, 140, 145, 150, 155, 160, 165, 170, 175, 180, 185, 190, 195, 200, 205, 210, 215, 220, 225, 230, 235, 240, 245, 250, 255, 260, 265, 270, 275, 280, 285, 290, 295, 300, 305, 310, 315, 320, 325, 330, 335, 340, 345, 350, 355, 360, 365, 370, 375, 380, 385, 390, 395, 400, 405, 410, 415, 420, 425, 430, 435, 440, 445, 450, 455, 460, 465, 470, 475, 480, 485], "eval_means": [-45.24565922364972, -45.626520685035004, -49.59550245186993, -51.09063527354831, -51.09999928047149, -54.04810618261578, -57.16776701695585, -59.55762748874793, -60.01037365184239, -58.543245890710004, -57.741464864779616, -58.39342575178357, -58.889368665648746, -59.471972310735666, -60.13364589389434, -59.48064890867297, -61.21832855486513, -60.66403659068088, -62.765545741949616, -63.07007908334834, -65.04465989325179, -66.41918364077986, -70.50960412396178, -77.20560743324478, -82.81578565037725, -85.50707616774662, -85.81650255778453, -94.16148587200475, -97.98100802964055, -102.76329082939354, -111.32920019738467, -128.81027207451862, -152.83822734708608, -161.9093778932295, -167.12409282986303, -170.02138585681726, -169.00606634460044, -174.84679532533505, -171.81896605970297, -169.022305315892, -171.3784106814147, -170.50972708308294, -170.35610632824057, -170.64971932999512, -169.68018623556523, -168.92841892382899, -166.8952724820123, -167.13275584007846, -165.97468290331432, -166.49045998820873, -167.8984610903149, -166.22385893521187, -164.92973371591532, -165.12804847761413, -164.99018491868395, -165.24879322286176, -164.3058930728359, -164.49205185925715, -163.28356282235725, -162.69706025127797, -161.87301246866525, -162.78349259171569, -163.74296244062845, -165.5374190068452, -165.9699187713729, -165.7744730070969, -164.38020178253805, -164.89717845574197, -166.12326915433422, -165.4502417644421, -164.3883681928758, -164.1786380418385, -164.42400886627846, -162.8672688185556, -162.9589798562946, -164.24155378593466, -164.04282904397732, -163.56898002896324, -162.80306012175782, -162.92211044549887, -162.79513299921754, -164.01364839665936, -164.41663740375782, -165.49316843732038, -165.05321006513307, -165.30182695993778, -165.90824358725763, -165.8625143060977, -165.1194519754031, -165.27829913440462, -165.24840900357867, -164.4519410440564, -164.61885764843967, -164.186198987827, -163.81601837115326, -163.90124311396414, -164.42038658660772], "final_eval_returns": [-163.27042849114838, -161.78173085334043, -165.2400832684627, -165.61834687593736, -163.13090726611327, -163.80773678337601, -165.48485059454626, -162.677565785075, -160.9435406815491, -163.68571345339691, -164.50213849242402, -160.41928999808832, -164.36242178037193, -164.2964706760988, -163.28669095153964, -164.14413151025727, -161.1149281239413, -160.83074231935083, -165.67564264107764, -165.43740095116559, -161.605195580818, -162.87979416359767, -158.3614501820534, -162.89769753375458, -164.56088689213573, -164.60272781093497, -161.7568550148144, -163.484042150982, -163.30467620885932, -164.83373874119616, -163.6589544200998, -163.15288827547175, -161.5754509784026, -165.4901933086362, -164.36027986221075, -164.98751920674647, -163.1257182560235, -163.601744509807, -164.04769308304284, -165.3942503823839, -164.87008882497915, -164.7624524651775, -165.26331336816074, -163.31673997266324, -163.44532491242595, -163.70507605785693, -166.30078704543962, -161.49088504442656, -162.13963263332127, -163.52454523515192], "final_eval_mean": -163.5242272723767, "final_eval_std": 1.604211101006537, "total_iterations": 488, "elapsed_seconds": 8745.153149366379}