{"algo": "PPO", "env_name": "HalfCheetah-v4", "partial": false, "seed": 4, "hidden_dim": 12, "project_dim": 2, "eval_iterations": [5, 10, 15, 20, 25, 30, 35, 40, 45, 50, 55, 60, 65, 70, 75, 80, 85, 90, 95, 100, 105, 110, 115, 120, 125, 130, 135, 140, 145, 150, 155, 160, 165, 170, 175, 180, 185, 190, 195, 200, 205, 210, 215, 220, 225, 230, 235, 240, 245, 250, 255, 260, 265, 270, 275, 280, 285, 290, 295, 300, 305, 310, 315, 320, 325, 330, 335, 340, 345, 350, 355, 360, 365, 370, 375, 380, 385, 390, 395, 400, 405, 410, 415, 420, 425, 430, 435, 440, 445, 450, 455, 460, 465, 470, 475, 480, 485], "eval_means": [-17.397115669282137, -15.769732631747615, -16.014701021958373, -16.05900502579273, -16.799958363449537, -16.41865577237609, -16.12154366903957, -16.265024546980285, -15.600315169074761, -16.326953722689296, -15.583987730695412, -16.214860139677853, -15.750168738028279, -15.00207280829798, -14.45318871766635, -13.59210298924984, -13.166218673843478, -12.63311161530177, -12.290582354604663, -12.330427881955725, -12.409617053604482, -12.692715033531428, -12.443104879623709, -12.47473802996452, -11.996888877911514, -12.154150194697444, -11.774432770923124, -11.553325664054372, -12.397133736059283, -12.202292570309364, -12.331424896620796, -11.969513717255477, -12.349509076491042, -12.401483964183933, -12.65603214889527, -14.101716407339095, -16.79361913457905, -20.583847814650916, -21.26680046968404, -26.391300735448716, -27.054563239995797, -27.002967132216778, -26.77076326682958, -25.02309640726552, -26.108699415021437, -27.77244028187046, -30.091931978455662, -32.026174421105445, -32.56386522779002, -32.178660056319835, -30.990512923510572, -29.800912743507638, -29.86572918029135, -28.947041499294283, -26.021446431214773, -28.184794659019808, -28.96236662607474, -29.861565160780188, -29.058625380581365, -29.113497758435418, -29.633068666091432, -30.55050599902273, -28.309779787628596, -27.929933547759045, -27.33315803440922, -27.230934105798124, -28.09869560787722, -29.446661738341895, -29.04759519940836, -29.736674688894894, -30.693158097016536, -30.763633737395075, -31.535886538976833, -32.64435518043834, -32.288748293537395, -31.6169209127218, -31.829648384679018, -32.37908850081847, -33.27715648098652, -33.244983849030575, -32.88004150816249, -33.1272143286396, -33.74922752120177, -33.67094516002187, -33.42824977961038, -33.88966296669757, -33.98933275078225, -33.961537604341444, -34.261000236730965, -34.46682982400745, -34.00429574362207, -33.85182431648226, -33.76931498806163, -34.00786975639113, -34.061303673895125, -34.177642767091214, -34.048968756978574], "final_eval_returns": [-33.47527486128664, -34.32125026430919, -34.125766889358324, -33.99813757906476, -34.26863959350452, -35.268030228982724, -34.48706332231009, -34.33270104185953, -35.007288175032166, -33.670653339782426, -33.836254158324536, -35.37247764348831, -33.802012518767725, -33.058147145455074, -34.0686488585202, -33.874700494439864, -33.639034704135234, -33.488007543121256, -35.88865940008509, -33.78281058428759, -34.92032188698529, -33.64573752471906, -34.523856988552026, -33.45977835564176, -34.461683078544716, -35.84156809374036, -33.30245616675935, -34.27884981452323, -34.30765149385419, -33.61661461977887, -33.780995333734154, -33.531664456627496, -33.12954164343411, -34.045207176926326, -34.72148473767473, -34.10131541767437, -33.27477346141387, -33.34230332786529, -33.989455319582106, -33.44513546679827, -34.550583908842135, -34.824219076047626, -35.35198716637002, -35.974883623355844, -36.63469164492098, -33.39551021626023, -33.9615414816181, -34.11895573168795, -33.02563838259667, -34.123710147589605], "final_eval_mean": -34.18895348180468, "final_eval_std": 0.8049291933745284, "total_iterations": 488, "elapsed_seconds": 8535.995783805847}