{"algo": "PPO", "env_name": "HalfCheetah-v4", "partial": false, "seed": 1, "hidden_dim": 64, "project_dim": null, "eval_iterations": [5, 10, 15, 20, 25, 30, 35, 40, 45, 50, 55, 60, 65, 70, 75, 80, 85, 90, 95, 100, 105, 110, 115, 120, 125, 130, 135, 140, 145, 150, 155, 160, 165, 170, 175, 180, 185, 190, 195, 200, 205, 210, 215, 220, 225, 230, 235, 240, 245, 250, 255, 260, 265, 270, 275, 280, 285, 290, 295, 300, 305, 310, 315, 320, 325, 330, 335, 340, 345, 350, 355, 360, 365, 370, 375, 380, 385, 390, 395, 400, 405, 410, 415, 420, 425, 430, 435, 440, 445, 450, 455, 460, 465, 470, 475, 480, 485], "eval_means": [-2.587210259391025, -3.278555588015617, -3.17785050351285, -3.6637944857435802, -3.86846342169088, -3.221703034801526, -4.030860728801147, -4.472262378758157, -6.392552907771361, -8.865773765668095, -12.642636419631003, -13.001997444828815, -14.557092435896989, -16.792978002839963, -20.873282915402406, -25.373747600891388, -28.5427824721343, -31.363693413553143, -30.785328669577442, -31.509040200459907, -31.385453751001027, -31.627561321651633, -34.078940313239144, -33.43112267419913, -31.710848678176248, -31.6546805208957, -34.3207052797711, -52.970972118462285, -53.933953218358354, -94.30574507464512, -117.23586921552625, -155.30587314318203, -101.49097781471527, -95.88552751903651, 19.981690862844566, -69.24995162259715, -136.4764161495863, -84.38861366939074, -130.72814642011238, -73.52658986355021, -5.1244899862293565, -6.690129823436743, -8.402891294373354, -2.3702257187110813, -13.106170133010673, -8.314720642873976, -8.852882796492493, -10.421761987345414, -17.268640274396617, -19.980206167731698, -30.63986181153148, -36.53429855367352, -16.31018069586724, 318.53526056801667, 483.76764140732195, 529.4625865015934, 598.7464181473413, 612.6210757234271, 618.5126168991476, 612.2089336145286, 645.2313699935542, 664.7276519761873, 661.4393776393985, 680.4150300056504, 670.5767066916949, 672.6017968259292, 685.3520883134613, 690.229311044752, 714.2275652990444, 722.7445926835987, 739.2867200899095, 756.2877336653728, 750.75642610548, 754.5414156214957, 773.451296858406, 790.2233754164371, 794.8375161460256, 802.009908718233, 800.597068639442, 805.8694159812476, 825.7207854984159, 840.7986372579226, 836.6084092518598, 850.7859334970781, 841.4942711321912, 852.94613499269, 842.7888334040763, 853.7670856806234, 851.9808876102969, 845.5611762415763, 844.573825905129, 848.9977194342443, 843.7463892033692, 857.5272622938214, 844.0875933749448, 852.0918387591842, 850.1848366084294], "final_eval_returns": [857.9009074049535, 814.8337007069957, 871.9992606071165, 786.118253345045, 821.9740869166628, 843.0658248099921, 881.7449903350964, 832.2323355837665, 825.9271751626529, 927.505971503936, 889.4397266361177, 843.5236651921159, 845.1585101481721, 861.2139848150474, 860.4002214457241, 847.0246529324024, 863.140001271925, 800.3922843554597, 882.8988641273563, 833.507564653815, 903.7253959167024, 807.3036743334768, 814.320825907176, 826.6514719646796, 851.3255775864217, 847.1219686957603, 834.8138713752661, 848.0683976686778, 821.1222658736106, 863.3737907029317, 847.6895499281392, 835.9595051079654, 842.4482073662612, 886.9305245861774, 852.8742562120499, 856.5134174796458, 805.4736624442659, 855.3496576832515, 801.5128458224101, 822.7703631557506, 849.0960765586593, 847.8156317708786, 838.670850560643, 828.0709432115341, 836.1581447054053, 846.1451883261736, 827.2595776519922, 814.9590153942813, 830.225848918935, 860.3600115759411], "final_eval_mean": 843.8822500087882, "final_eval_std": 26.912776171161784, "total_iterations": 488, "elapsed_seconds": 8498.654349565506}