{"algo": "PPO", "env_name": "HalfCheetah-v4", "partial": false, "seed": 2, "hidden_dim": 12, "project_dim": 2, "eval_iterations": [5, 10, 15, 20, 25, 30, 35, 40, 45, 50, 55, 60, 65, 70, 75, 80, 85, 90, 95, 100, 105, 110, 115, 120, 125, 130, 135, 140, 145, 150, 155, 160, 165, 170, 175, 180, 185, 190, 195, 200, 205, 210, 215, 220, 225, 230, 235, 240, 245, 250, 255, 260, 265, 270, 275, 280, 285, 290, 295, 300, 305, 310, 315, 320, 325, 330, 335, 340, 345, 350, 355, 360, 365, 370, 375, 380, 385, 390, 395, 400, 405, 410, 415, 420, 425, 430, 435, 440, 445, 450, 455, 460, 465, 470, 475, 480, 485], "eval_means": [-14.716221821138417, -17.641070107808446, -20.211282358801906, -24.198933340944986, -26.838035259018255, -28.443737826641467, -32.5951201283359, -37.153817502344374, -35.74778313586237, -36.54897331657718, -40.00564013969924, -42.82716355236357, -45.80613425650643, -46.42909250752613, -45.533846853273104, -46.230335462265764, -49.73305872047174, -50.05947641395224, -47.27581385007023, -48.79466921289175, -52.49198092201744, -56.21922682035705, -64.08700907687962, -65.64198531285433, -64.27722497610505, -65.26869890326945, -69.17097773926035, -71.51689276054387, -72.39095394280106, -70.08949012705666, -66.67415209641855, -62.57000088685231, -61.15952418199272, -58.486118281956834, -55.279931919544886, -54.24256068289931, -51.50525868844452, -44.68413785663426, -42.01372608230801, -41.151174929921865, -40.670365763338125, -36.651436301727834, -37.69042045264617, -39.38845729873705, -39.16706441202625, -41.403585354996295, -41.84081305939611, -40.72215702502484, -42.64350041781148, -43.45326309050422, -42.83761628016516, -44.31621167787188, -43.49605790085791, -20.933122570729534, -18.887942829203197, -21.826484202705934, -41.207814243141364, -15.37032083202089, -18.263637669767398, -21.192346533993422, -18.59066111425596, -16.78417551038187, -19.372455669871094, -21.624145706594803, -20.47075462355197, -17.533673945379565, -16.134363220398402, -16.713614222615398, -17.180036584113953, -15.189026400039811, -13.991604760867004, -12.030858850499861, -12.799441919186512, -13.42066547437713, -12.869859332082527, -12.350491050603882, -11.669612709437788, -12.220008752068832, -12.20003981536633, -12.993570965058106, -12.430038206559379, -11.717848493590266, -11.592617525955573, -11.949047526505348, -13.202979038692268, -12.859545904743843, -10.627250113409813, -10.387237729129476, -10.006900712936265, -9.539958199598063, -9.44878911416305, -9.691567566261826, -9.719141971214844, -9.70663207825328, -9.414149431419833, -9.352248472045913, -9.264106956084978], "final_eval_returns": [-9.75717713594853, -10.003171602331742, -9.183252050647077, -10.345948079495193, -9.330411629310614, -9.381758662811112, -8.653301891269363, -7.853838666535417, -10.11325488689911, -8.812650980622928, -7.6099969348465, -9.413244704916348, -10.411407786380893, -9.83809132560179, -8.814446114558898, -10.182463116441333, -10.756647117108828, -9.793676528057524, -9.856872270209939, -9.40359268437527, -7.7909993763035175, -9.362483752519895, -8.884439259749, -10.189773228389644, -10.46571947221953, -8.81037278221575, -8.247941031357604, -9.19129883926147, -9.546570186563564, -9.241941634958792, -9.79206404395143, -8.651364740686773, -10.618918326347872, -9.876303490908686, -10.859988650035646, -10.102426628099574, -8.504886340082933, -9.739937754944332, -9.078106890295556, -9.437748289559018, -10.113681549411172, -9.714537043047178, -10.588115011114017, -10.056135802514769, -9.572750274056741, -8.768269729052742, -8.708680218983533, -9.948985857533138, -9.32599043980678, -8.750951948328547], "final_eval_mean": -9.469131735213352, "final_eval_std": 0.7631418318412684, "total_iterations": 488, "elapsed_seconds": 8726.907981157303}