{"algo": "PPO", "env_name": "HalfCheetah-v4", "partial": false, "seed": 0, "hidden_dim": 64, "project_dim": null, "eval_iterations": [5, 10, 15, 20, 25, 30, 35, 40, 45, 50, 55, 60, 65, 70, 75, 80, 85, 90, 95, 100, 105, 110, 115, 120, 125, 130, 135, 140, 145, 150, 155, 160, 165, 170, 175, 180, 185, 190, 195, 200, 205, 210, 215, 220, 225, 230, 235, 240, 245, 250, 255, 260, 265, 270, 275, 280, 285, 290, 295, 300, 305, 310, 315, 320, 325, 330, 335, 340, 345, 350, 355, 360, 365, 370, 375, 380, 385, 390, 395, 400, 405, 410, 415, 420, 425, 430, 435, 440, 445, 450, 455, 460, 465, 470, 475, 480, 485], "eval_means": [-1.6332733410231084, -3.022226361691798, -3.8439849248248112, -5.673170681318848, -10.491718780964572, -16.332367496591832, -23.2651312027174, -31.113280746071393, -40.119799560257086, 12.983022837672484, 12.229721447074056, 11.541829029340612, 10.784004481864661, 11.347012736303837, 12.644490403647973, 3.0199043557609104, 5.0953098397756715, 0.060655801163808816, -5.873691384822296, -14.437501545413154, -22.749137942418233, -11.498324621525146, -13.07479845577834, -32.10052387061576, 23.92983317782893, -11.97869728679, -25.54271873222192, -17.51633540577062, -15.215960446791344, -15.224079403290935, -4.192727703627346, 17.01927552490987, 17.469786262464638, 15.64428865160087, 15.199548615590126, 11.864311976600247, 13.11596565527596, 361.2936985465813, 786.7012092381042, 831.6212286582897, 847.213217007658, 867.3104755217623, 878.8661252725402, 899.2908290703926, 927.2779298527718, 943.7502171486445, 956.8287597854911, 958.5326582798074, 963.5235263379668, 961.2423297557392, 977.3589283041407, 989.4543574307959, 998.0961376023826, 1012.9349278920355, 1015.8311793190686, 1018.8321488433797, 1011.3490020857805, 1021.3976581134922, 1022.689572290999, 1032.8123588687386, 1031.6341593126474, 1040.9234645252022, 1054.3032941445451, 1057.326624244752, 1060.179497027149, 1059.8783993255843, 1063.511317676349, 1075.9647964620085, 1066.5089562225012, 1056.6387772495996, 1060.1636340862, 1055.7959696808907, 1071.7333260116473, 1067.606351570041, 1067.4670555522646, 1068.6685303886575, 1063.8768559168127, 1069.4730820523025, 1076.2613150074442, 1069.6977425873745, 1081.1286032100468, 1089.5296602267526, 1084.3075777517397, 1086.8155512562282, 1087.9860036584244, 1093.8942173397365, 1099.9020392265259, 1085.1704808234933, 1095.1986072577968, 1096.055105006641, 1105.0712375590324, 1099.7350453687295, 1104.0069403210225, 1101.4052990305831, 1098.5804350211524, 1098.1214395289323, 1094.6202817205449], "final_eval_returns": [1116.3333943430287, 1101.2778593297307, 1082.6101912499623, 1130.8621736492496, 1112.4630925169736, 1075.0832631254837, 1141.7382185545716, 1105.6435439642846, 1124.2989383583456, 1127.3001098736615, 1091.8625352881922, 1138.8289396903137, 1109.5175770365147, 1081.88460975829, 1092.5826034945537, 1088.9158211481738, 1169.1977032240702, 1102.612409382814, 1053.0406666503302, 1068.2540864892412, 1066.0404267550161, 1127.7442466900006, 1073.8322789145107, 1135.6097956118933, 1033.2515317941748, 1069.3602201565673, 1142.9339464368227, 1101.4675860302652, 1128.361682384486, 1088.1373912220329, 1061.6386844335414, 1075.8077074219482, 1101.3451089633907, 1066.3603489572363, 1074.7166572752988, 1129.040918566373, 1042.7617755525334, 1078.5296966387234, 1094.2305116941684, 1149.8953137628457, 1086.7457143679628, 1086.2128795731467, 1135.2078152184417, 1136.5628452140006, 1085.1691440523377, 1143.6068610398684, 1102.3623150610279, 1116.8989072359127, 1068.0726772350008, 1046.4673910099139], "final_eval_mean": 1099.2536023279445, "final_eval_std": 30.9171024302624, "total_iterations": 488, "elapsed_seconds": 8523.858916282654}