{"algo": "PPO", "env_name": "HalfCheetah-v4", "partial": false, "seed": 2, "hidden_dim": 64, "project_dim": null, "eval_iterations": [5, 10, 15, 20, 25, 30, 35, 40, 45, 50, 55, 60, 65, 70, 75, 80, 85, 90, 95, 100, 105, 110, 115, 120, 125, 130, 135, 140, 145, 150, 155, 160, 165, 170, 175, 180, 185, 190, 195, 200, 205, 210, 215, 220, 225, 230, 235, 240, 245, 250, 255, 260, 265, 270, 275, 280, 285, 290, 295, 300, 305, 310, 315, 320, 325, 330, 335, 340, 345, 350, 355, 360, 365, 370, 375, 380, 385, 390, 395, 400, 405, 410, 415, 420, 425, 430, 435, 440, 445, 450, 455, 460, 465, 470, 475, 480, 485], "eval_means": [-7.581077127884917, -10.81748620446283, -15.985688745430197, -17.360106766795493, -21.80851828692877, -26.280045019682294, -28.38444968927579, -31.158195502385166, -32.98140775380431, -33.856276045361064, -34.35592536046719, -34.9215513478019, -34.76654101702812, -34.54024781815301, -15.75499679969396, 9.194996150525741, 8.552086996689024, 7.539859999763563, 6.668227995853553, -1.9123660681439714, -6.901010063649462, -9.0491146668529, -3.3195657574640607, -6.213857812498021, -51.81308134494014, -87.70130194660351, -118.22477199864323, -9.671576677343774, -1.2206971513168414, -5.059508856444504, -9.843542682844156, -7.435836967654832, -8.629316183515432, -19.11618895984624, -24.805210590586007, -25.77064230211814, -20.922445927966372, 461.0488110943833, 607.3138567790553, 628.2197210229533, 706.0481416543788, 769.4589821880741, 778.9660295001621, 831.5788408694835, 835.5737432776365, 854.7060438949158, 824.5587305248632, 828.0383212763492, 831.423262703115, 838.6714717710356, 838.7255361449369, 840.6647660190661, 824.4863360700077, 834.1522049813267, 843.1059417332715, 882.204096960093, 885.7841360222715, 908.2499715790098, 924.9866636425695, 946.9180655840502, 951.5087694989653, 921.7124584458635, 937.9747803762705, 920.3872873990882, 808.9118577838515, 899.2743487684196, 955.2531594618232, 988.8184474604542, 1001.9933811649669, 1005.1733305191582, 1007.2908813373557, 1016.9362908469967, 1028.9085910211616, 1048.7027720182468, 1048.0089997545697, 1054.4585116539533, 1056.3410998859154, 1048.1899687716311, 1047.5835865875188, 1061.1922142551848, 1065.5476148369992, 1061.9502674840442, 1059.8040488974016, 1067.8500582847507, 1064.7120344869552, 1064.520451975767, 1063.5053634803555, 1061.5908006478235, 1070.9939209347351, 1075.145397259376, 1073.2644462901167, 1071.423216546363, 1078.0886457390154, 1063.9047713926877, 1063.7778993939794, 1074.2422250308687, 1067.1795152281745], "final_eval_returns": [1097.456663584787, 1100.7047518374848, 1034.9821517146936, 1038.0874735457376, 1065.8905532596564, 1046.028102566663, 1009.6590742133196, 1050.6324089517327, 1079.693179014827, 1076.1738635121017, 1074.9033421255178, 1070.3768623090025, 1068.9716608042736, 1092.847318073961, 1079.1085853731254, 1069.50171636609, 1075.0550547090593, 1012.7831178018598, 1057.3700235495621, 1080.2847248845997, 1066.0136277140748, 1028.4204930174515, 1083.6757392015475, 1071.7580162955328, 1095.8071831631946, 1099.945504748334, 1075.851578625605, 1078.4459046869222, 1067.5836667697347, 1050.8425851682591, 1025.9973337456986, 1026.8589768593024, 1037.2640835205655, 1050.7465116705926, 1070.9430903169543, 1087.499166243877, 1105.994226899305, 1122.107197266932, 1099.530084907075, 1067.0317896411239, 1019.0214374532732, 1040.4528416775772, 1077.817884944216, 1057.579140022648, 1107.5424661127545, 1074.1897198498273, 1068.3453408102307, 1100.3557807187995, 1044.4847452119923, 1116.679899110897], "final_eval_mean": 1067.985932891447, "final_eval_std": 26.8164985698783, "total_iterations": 488, "elapsed_seconds": 8423.821192502975}