{"algo": "PPO", "env_name": "InvertedPendulum-v4", "partial": false, "seed": 0, "hidden_dim": 12, "project_dim": 2, "eval_iterations": [5, 10, 15, 20, 25, 30, 35, 40, 45, 50, 55, 60, 65, 70, 75, 80, 85, 90, 95, 100, 105, 110, 115, 120, 125, 130, 135, 140, 145, 150, 155, 160, 165, 170, 175, 180, 185, 190, 195, 200, 205, 210, 215, 220, 225, 230, 235, 240, 245, 250, 255, 260, 265, 270, 275, 280, 285, 290, 295, 300, 305, 310, 315, 320, 325, 330, 335, 340, 345, 350, 355, 360, 365, 370, 375, 380, 385, 390, 395, 400, 405, 410, 415, 420, 425, 430, 435, 440, 445, 450, 455, 460, 465, 470, 475, 480, 485], "eval_means": [12.26583226935377, 14.086017674984127, 15.930975024943383, 18.522233312061534, 22.56886895737747, 35.03575598998944, 39.42851991976466, 43.10193048215827, 44.81905995003439, 44.18792503978139, 48.230919117065724, 47.905656797517075, 50.4685106723039, 50.84682673307442, 49.98527105052479, 51.06933378805027, 52.19011276130907, 52.4695921514974, 47.54238590425065, 45.30285362787085, 49.48942927262532, 59.4157142948612, 57.92503923901804, 57.15981974395846, 49.42818959639834, 52.63065598471075, 56.57705694114836, 48.22379482703386, 56.412059929048084, 55.51339053210586, 67.36466708353723, 82.5250588320941, 78.01608935884448, 67.14563224560588, 59.31788732938442, 72.36020375339824, 70.90728412219836, 68.25374859395748, 78.92424635096182, 86.91425385656744, 118.77794780771552, 98.03603511700874, 92.90123786943715, 89.62301067996486, 89.99718616731006, 103.95850130743617, 135.5395101623746, 130.1850409192042, 151.7966845973926, 167.8249646051092, 138.0713454142304, 111.1270019461262, 168.61316870749866, 181.8981484765183, 177.69936505925637, 177.35187640830193, 189.61991402762212, 186.7259437474898, 165.03152802876176, 185.45173495096506, 199.75883963971236, 196.64633495726864, 206.3148933106646, 213.35932925997494, 197.34224106839795, 187.10179429340548, 208.82496650416905, 191.4812964950336, 173.04125464582205, 202.5577580987291, 235.33179576508738, 180.9976315212203, 150.42706149908682, 189.49954587053696, 226.7909430845947, 205.30076029048163, 194.8426016653774, 231.1287723151516, 174.17554073148452, 167.5714141939968, 161.77337507479217, 184.51173511690374, 217.7637191030759, 199.16342940516301, 169.267190559532, 173.39468610416532, 210.22285347457074, 237.30818517962044, 243.97339581216931, 243.03465689738633, 236.94500791701645, 226.67779719003076, 232.3056757256322, 232.63741944143084, 222.00639650851292, 205.5149155822881, 193.42574297657268], "final_eval_returns": [179.45590869852242, 180.59617695462367, 166.88427133628036, 164.5482167020056, 159.99834149667407, 187.39264270490426, 168.037572833908, 191.82135269798795, 226.60050213612774, 171.48514340241056, 208.7547135861716, 173.76094181745364, 189.59341132608256, 181.66917605426755, 216.5717805094315, 225.61174537896125, 203.1881508386333, 191.90714016399926, 188.486063611865, 173.70660378115622, 173.7813152243635, 177.1394736900226, 181.79135648105478, 188.48638592992262, 187.36908261588673, 172.5750916743776, 183.99269332623635, 203.1727471438848, 173.66938683110084, 170.3520112861786, 193.06367535723422, 202.0775387752181, 181.74815817845712, 254.66622199828774, 196.44927048798627, 166.87440989538229, 178.36578686094134, 245.6577239999339, 190.75984770827716, 199.71446826993792, 194.1118242757553, 173.82335044978794, 185.18287412255268, 168.08775412069335, 185.13546740017892, 194.17698180680765, 187.41134752180986, 193.03927348210502, 252.35407651608102, 191.9445561486307], "final_eval_mean": 189.94088015221107, "final_eval_std": 21.105672305956837, "total_iterations": 488, "elapsed_seconds": 6297.062500715256}