{"algo": "PPO", "env_name": "InvertedPendulum-v4", "partial": false, "seed": 3, "hidden_dim": 12, "project_dim": 2, "eval_iterations": [5, 10, 15, 20, 25, 30, 35, 40, 45, 50, 55, 60, 65, 70, 75, 80, 85, 90, 95, 100, 105, 110, 115, 120, 125, 130, 135, 140, 145, 150, 155, 160, 165, 170, 175, 180, 185, 190, 195, 200, 205, 210, 215, 220, 225, 230, 235, 240, 245, 250, 255, 260, 265, 270, 275, 280, 285, 290, 295, 300, 305, 310, 315, 320, 325, 330, 335, 340, 345, 350, 355, 360, 365, 370, 375, 380, 385, 390, 395, 400, 405, 410, 415, 420, 425, 430, 435, 440, 445, 450, 455, 460, 465, 470, 475, 480, 485], "eval_means": [23.733834551926055, 29.42951115752667, 30.726905510782846, 29.179274083500022, 29.689385537691496, 29.956944710336654, 31.22512687520533, 30.395328229532048, 31.3286924141667, 31.432227238496942, 32.68378547178756, 34.2488869136143, 40.02345844095874, 34.52177396436205, 40.22513641452663, 36.00079342754845, 39.00291055081104, 42.675492482541856, 46.54819027623472, 67.8351132974703, 53.668478886854764, 54.54560103956759, 54.91980379090396, 55.38576912514687, 55.636654154596606, 55.86858611811844, 57.127526353166765, 56.693521726689966, 58.35714262702365, 57.86359581788326, 57.5584509719397, 57.51913507155446, 58.47024392607455, 60.90630806406379, 60.798138723051586, 61.943494251975864, 62.67557851785463, 62.11844291652106, 61.11780372240148, 61.821967721719865, 63.948098934797926, 64.5418713112379, 64.75596947037783, 66.44841955527554, 66.78469964293379, 66.53024585863187, 66.38587583997544, 68.75264714279054, 71.15003174806205, 69.60283591666843, 69.06883931043508, 69.6152327843108, 70.18861897075006, 71.9844761639758, 73.20877360657182, 73.3577504890945, 72.5432070110543, 73.04989036253072, 76.34206357156182, 76.51866826862252, 75.00867979421352, 77.69709889792, 78.18908270069464, 79.90988005185307, 81.84777179803504, 82.04455379562874, 78.43481678246093, 79.80397257065917, 81.89718285527633, 81.67635911502573, 84.94944016188174, 90.33479659713656, 91.08482963575985, 90.02594257778753, 93.43244713379985, 97.58931940773724, 160.2065007969268, 236.49894777476936, 237.62943547069452, 238.3440946944755, 239.11655443975192, 239.84988119851593, 240.82139127586925, 241.5009983690061, 242.9980475587653, 243.74199066934582, 244.49511623635937, 245.36411233541105, 246.08964329052063, 246.64434668642545, 247.5587670227947, 247.7611534402794, 248.39909929275572, 248.72524640114258, 248.843946711709, 249.4297540301265, 249.953961112451], "final_eval_returns": [250.15967370860875, 251.37529016486602, 248.9042584072402, 250.17656624371568, 251.4154576367197, 248.71032848169426, 251.10978147665418, 249.85974023598968, 249.09018247021768, 249.97386572746464, 250.0053441582653, 251.15186299678555, 251.24355801044095, 252.2980517337984, 249.9678086462107, 247.50260576316404, 248.83126809903513, 249.829729280596, 247.81529883465348, 252.5503308742912, 252.53665251966103, 248.7328957972132, 248.8944285271242, 248.9252763491481, 251.14109632313028, 250.13938193901762, 249.9403263952579, 251.09574798601338, 251.35599994187558, 250.20714022518592, 248.8532577269603, 252.3940611074234, 249.92645489240587, 250.24417957749216, 251.02260711292533, 251.10039722730176, 249.04800519162856, 249.0287702565979, 250.16939931881237, 250.20984562096064, 250.13027674767127, 252.24972561425713, 250.87649929034114, 250.27622491849874, 252.49466567218138, 249.81980330974017, 252.36392350542994, 251.10477420701426, 250.977139510289, 248.6968694538717], "final_eval_mean": 250.31853658431683, "final_eval_std": 1.2541284848377772, "total_iterations": 488, "elapsed_seconds": 6228.320662736893}