{"algo": "PPO", "env_name": "InvertedPendulum-v4", "partial": false, "seed": 4, "hidden_dim": 12, "project_dim": 2, "eval_iterations": [5, 10, 15, 20, 25, 30, 35, 40, 45, 50, 55, 60, 65, 70, 75, 80, 85, 90, 95, 100, 105, 110, 115, 120, 125, 130, 135, 140, 145, 150, 155, 160, 165, 170, 175, 180, 185, 190, 195, 200, 205, 210, 215, 220, 225, 230, 235, 240, 245, 250, 255, 260, 265, 270, 275, 280, 285, 290, 295, 300, 305, 310, 315, 320, 325, 330, 335, 340, 345, 350, 355, 360, 365, 370, 375, 380, 385, 390, 395, 400, 405, 410, 415, 420, 425, 430, 435, 440, 445, 450, 455, 460, 465, 470, 475, 480, 485], "eval_means": [10.374654411242426, 11.64328846640433, 13.579504047873643, 17.364831081434623, 25.495937515924332, 29.679717741610503, 29.687763253870884, 28.963706732915025, 26.83757186407614, 26.922279661664287, 31.903044779797632, 34.18140674782772, 43.22724006672064, 46.46377152927631, 57.20311937060299, 52.34110624251474, 60.47092182205778, 57.39470809454944, 66.73834055513784, 69.23701782537582, 72.0079825160775, 74.86596343610572, 78.41711517619594, 77.25505809643002, 92.94103765487472, 81.42348216665798, 83.36400077285785, 95.08457492738859, 98.39943066294671, 99.21578766529048, 87.93009815862627, 107.51519878719746, 108.44010059688422, 106.01557001438226, 114.30194911886129, 108.23647174125877, 118.70122067724358, 118.65467353850846, 123.89366247148551, 120.29696335530997, 123.91676501131606, 122.09108720911689, 128.84874215310893, 130.17752789767167, 124.30026896537647, 126.34726571045823, 134.23775266846292, 129.10129664290662, 124.97174627257061, 125.58011608935679, 139.28674084555922, 124.96505641887917, 143.1301273180236, 149.59118102780306, 128.46153920082656, 142.2320434072915, 132.61040972572505, 136.8715888876788, 161.25578575129984, 121.96711342995825, 123.96648544518101, 119.48821230067865, 148.8596143548293, 137.5896592241725, 173.1594566664539, 176.69791702478852, 146.40948761436795, 172.36452065203488, 171.10448844374412, 147.22449720209204, 136.37415753245156, 123.27726032808056, 109.4484829694311, 112.10771882050308, 121.70910357492158, 121.14154251952455, 123.56543410624066, 122.25986438630264, 130.7227792733245, 128.26319620020652, 135.55955949856548, 132.33995936434633, 128.43606527906695, 118.86263544917482, 111.87202999042115, 108.4698285246028, 122.8084604392595, 114.68089311480742, 113.42138360094505, 108.16292434353936, 107.70596256055718, 112.92418270185091, 109.01441738827727, 113.60368626391768, 113.47641335465455, 114.36651901729711, 116.46677322100543], "final_eval_returns": [107.10318308222911, 112.02550403286077, 124.46769631396901, 112.58147827652702, 108.28706204024628, 116.9791211409573, 127.06115381130229, 110.51979089002805, 119.34439252840689, 112.12952950283922, 111.56769573728842, 119.99145429400012, 122.80433490345446, 118.31672579301548, 110.85150269057242, 121.1514619470553, 123.24885523240572, 118.59756662212828, 108.30353409054135, 106.91827309987082, 122.39038418260212, 114.47452520977264, 111.714743235333, 118.54351121748537, 117.67390368621382, 123.15742682405195, 112.43937322668087, 110.65039482233554, 124.14169642155103, 112.82418598553191, 112.77754254492763, 111.02335566830278, 126.88220275273171, 121.58658372486508, 115.95512326819953, 121.65550815038247, 110.8309402371433, 120.92208108717357, 116.09723631485303, 120.8450351507774, 107.24032010694503, 118.225887778368, 123.45535193520713, 121.56940440038552, 109.10902282402726, 118.1607538823607, 119.09830444833062, 114.30339109021402, 116.11809351592444, 118.48868098932826], "final_eval_mean": 116.49210561423409, "final_eval_std": 5.507347297419655, "total_iterations": 488, "elapsed_seconds": 6187.563231229782}