{"algo": "PPO", "env_name": "InvertedPendulum-v4", "partial": false, "seed": 2, "hidden_dim": 64, "project_dim": null, "eval_iterations": [5, 10, 15, 20, 25, 30, 35, 40, 45, 50, 55, 60, 65, 70, 75, 80, 85, 90, 95, 100, 105, 110, 115, 120, 125, 130, 135, 140, 145, 150, 155, 160, 165, 170, 175, 180, 185, 190, 195, 200, 205, 210, 215, 220, 225, 230, 235, 240, 245, 250, 255, 260, 265, 270, 275, 280, 285, 290, 295, 300, 305, 310, 315, 320, 325, 330, 335, 340, 345, 350, 355, 360, 365, 370, 375, 380, 385, 390, 395, 400, 405, 410, 415, 420, 425, 430, 435, 440, 445, 450, 455, 460, 465, 470, 475, 480, 485], "eval_means": [30.82275515833139, 39.36960902224867, 39.69632387977258, 55.45617491786743, 113.68329206729504, 84.33091035260952, 223.48145212389457, 334.7194312130086, 441.44163845352193, 611.7817411824021, 1170.9548171818924, 1183.7248512903818, 1178.713829309901, 1180.1655238556777, 1175.118671770356, 1186.7345330863009, 1186.1721612948388, 1191.1422715443912, 1193.1152367341208, 1189.693702077106, 1186.0021941721766, 1180.0177526701855, 1180.8332522128358, 1181.4798287982217, 1187.3142238471014, 1180.1332251473304, 1183.1841526644052, 1186.9031422940539, 1190.4195945108472, 1194.5074394001128, 1183.838006708458, 1189.6714941135492, 1192.0512435019382, 1193.2125331057684, 1195.4283907169959, 1182.4541984838536, 1177.7384332773997, 1172.173880611099, 1175.1511294473057, 1183.0795506128297, 1181.4184093499698, 1182.9724874672863, 1188.0624633882242, 1190.737759664582, 1190.6919521065608, 1187.0723311640334, 1194.434042241306, 1196.5972595100388, 1190.5898108623596, 1180.807395013838, 1176.884131106394, 1174.4718698961433, 1170.1145444200329, 1170.3068010453442, 1175.2431346205674, 1171.2364440235897, 1171.0798791941927, 1179.8968821189646, 1178.9145292107603, 1177.0232886656245, 1175.390444099601, 1165.809174953557, 1157.0406897058338, 1156.6790117248077, 1154.991184288951, 1169.0087805485825, 1180.9800277000088, 1178.4899062873644, 1186.1794682846344, 1183.1117209006843, 1178.0946922406647, 1173.252818136219, 1169.3705151708928, 1172.5264032167172, 1169.2029786697976, 1165.5522547771059, 1163.3541813122192, 1163.2173259486842, 1171.3513861100878, 1177.6666056243498, 1183.3422098140045, 1189.4916973732463, 1187.2695527795831, 1189.814608281479, 1194.2871608199425, 1190.3087422462218, 1188.307957535556, 1189.3779705785207, 1187.046371929154, 1185.058393625587, 1187.4822725818124, 1186.4568615573362, 1184.0791289663146, 1183.1602455115349, 1183.0946544437095, 1183.620590180313, 1183.8590283796234], "final_eval_returns": [1183.9102624410282, 1183.8136196870207, 1183.9553876222787, 1183.933673888292, 1183.9519744536717, 1183.9240650233746, 1183.9593084161568, 1183.9357478171044, 1183.9493360855452, 1183.9131337414522, 1183.9246553688142, 1183.8531168227057, 1183.9067473708883, 1183.9278517047894, 1183.9645316979727, 1183.915689883107, 1183.9276065335973, 1183.9240163218005, 1183.9178948121546, 1183.9459621707526, 1183.936614407547, 1183.9483975788555, 1183.9257978311741, 1183.9433224112056, 1183.8683237950206, 1183.868369183824, 1183.9083358839064, 1183.9104696211082, 1183.9069395083734, 1183.9247998236847, 1183.9137433984858, 1183.9234246304163, 1183.9514076781152, 1183.9644737331334, 1183.8884904568495, 1183.9393714906116, 1183.935996686367, 1183.9544998584258, 1183.94144847252, 1183.9540029411212, 1183.9541178614033, 1183.9585099480514, 1183.8784271452307, 1183.9170515219766, 1183.8579548183277, 1183.861516864197, 1183.9564693623017, 1183.8849322911296, 1183.9650799945273, 1183.921899068054], "final_eval_mean": 1183.922375402569, "final_eval_std": 0.033138136336125994, "total_iterations": 488, "elapsed_seconds": 7825.767746686935}