{"algo": "PPO", "env_name": "InvertedPendulum-v4", "partial": false, "seed": 1, "hidden_dim": 12, "project_dim": 2, "eval_iterations": [5, 10, 15, 20, 25, 30, 35, 40, 45, 50, 55, 60, 65, 70, 75, 80, 85, 90, 95, 100, 105, 110, 115, 120, 125, 130, 135, 140, 145, 150, 155, 160, 165, 170, 175, 180, 185, 190, 195, 200, 205, 210, 215, 220, 225, 230, 235, 240, 245, 250, 255, 260, 265, 270, 275, 280, 285, 290, 295, 300, 305, 310, 315, 320, 325, 330, 335, 340, 345, 350, 355, 360, 365, 370, 375, 380, 385, 390, 395, 400, 405, 410, 415, 420, 425, 430, 435, 440, 445, 450, 455, 460, 465, 470, 475, 480, 485], "eval_means": [14.466133403506921, 17.27570000117986, 21.479406850163794, 30.780104755680796, 34.468824847441155, 38.37140058776357, 40.396905697148725, 41.73176015501301, 36.79968333434742, 34.17229129908724, 36.68013931622606, 42.12168105819216, 37.60833535104873, 39.711428226414064, 42.09329285602027, 42.835489454339914, 42.18300477167224, 45.09080402733937, 48.98750068397587, 41.161719500508525, 42.10780147144535, 53.2020095250636, 55.47146940363235, 48.00193966631514, 47.40350141054924, 48.076084930187214, 50.97740027730183, 55.323190444257705, 57.295741932264455, 59.037913503583894, 56.97230755820679, 60.49785923547239, 70.08471177081162, 72.51149659618271, 72.30148956327898, 65.58274642847321, 71.4086881130029, 71.50159030594568, 135.05709439722793, 92.53399974362824, 79.67762618224987, 146.73582183242956, 138.13746841613275, 100.06325636480791, 85.57098263814603, 142.85782330281418, 154.2327981336593, 157.46695607288035, 158.21998180240578, 157.89731102329608, 163.27468812323096, 165.61142597284442, 228.49614346196998, 233.39021674294986, 223.6933728304438, 225.7690076624574, 241.50811299546683, 237.2482260010893, 243.0051077647009, 242.98375097096985, 238.1916770548317, 241.40589482191078, 251.33596693508673, 287.9339685147985, 251.00073493593382, 349.00789560069376, 415.7069325488265, 414.464256255092, 413.8328151082653, 426.8229594740125, 471.21204414685667, 606.6569125293274, 627.8279889963636, 641.618627449591, 648.786279859017, 638.4206320038685, 639.7000692607727, 639.4501049890412, 821.2021408951955, 829.0500843626779, 1020.9177838063446, 1126.177441139317, 1130.3508752233772, 1134.68295263972, 1137.8545654328768, 1143.8154674274929, 1147.866521872898, 1149.9412584143722, 1150.6023115221665, 1151.4517227119845, 1152.5516031291847, 1154.992808026825, 1157.4385105024692, 1158.1072567596107, 1158.8773451417362, 1159.8897620332325, 1160.2404371280893], "final_eval_returns": [1162.1043252896059, 1160.0594730286357, 1160.426501043751, 1161.0313168440334, 1160.3026576933455, 1161.68393149677, 1162.2744044649705, 1161.8277037634011, 1159.1649535368779, 1161.0668873313355, 1163.1722408956223, 1160.8527012171091, 1158.8005776631371, 1158.9759445451243, 1157.9653390816284, 1160.8492680955262, 1163.3716399776868, 1160.6637437337567, 1159.366173984402, 1161.7641457689667, 1162.1489248490957, 1161.5846871953136, 1160.8582909028364, 1161.1563703046231, 1157.9688259219831, 1162.5813841439876, 1163.1935245527156, 1159.4161250976392, 1160.4905069042381, 1159.6319308482691, 1160.4577292345175, 1163.1131034079256, 1162.510797490657, 1159.4270533241827, 1161.474252062991, 1161.225912208887, 1158.9407253731058, 1159.4339016634715, 1159.095152240253, 1158.113913182018, 1159.130443627948, 1160.7395108626663, 1160.9387048633341, 1158.638260289624, 1160.1143283680824, 1160.8735509207606, 1159.4439917276543, 1161.9455857537912, 1161.3649688624319, 1158.7888486663958], "final_eval_mean": 1160.6105046861417, "final_eval_std": 1.4349480768745704, "total_iterations": 488, "elapsed_seconds": 6719.334353208542}