{"algo": "PPO", "env_name": "InvertedPendulum-v4", "partial": false, "seed": 1, "hidden_dim": 64, "project_dim": null, "eval_iterations": [5, 10, 15, 20, 25, 30, 35, 40, 45, 50, 55, 60, 65, 70, 75, 80, 85, 90, 95, 100, 105, 110, 115, 120, 125, 130, 135, 140, 145, 150, 155, 160, 165, 170, 175, 180, 185, 190, 195, 200, 205, 210, 215, 220, 225, 230, 235, 240, 245, 250, 255, 260, 265, 270, 275, 280, 285, 290, 295, 300, 305, 310, 315, 320, 325, 330, 335, 340, 345, 350, 355, 360, 365, 370, 375, 380, 385, 390, 395, 400, 405, 410, 415, 420, 425, 430, 435, 440, 445, 450, 455, 460, 465, 470, 475, 480, 485], "eval_means": [24.92172906173624, 43.20711895583897, 52.23928101082034, 92.11957009927536, 199.57333358911876, 264.40836985664004, 255.88565686341303, 1165.0571291004915, 1171.883502888849, 1166.0687293367885, 1151.0317745637935, 1163.5631348173943, 1175.4511904716328, 1179.9581226788014, 1151.18853476727, 1173.202172406689, 1160.744573032541, 1127.5939671510093, 1114.007506254556, 1102.9558246802926, 1094.143842114693, 1162.2014885570863, 1179.5504627490757, 1150.5429555242515, 1150.9369697451066, 1154.208618717118, 1155.9339652139652, 1157.6010672265577, 1120.9264092853584, 1109.1620284605951, 1107.41813676883, 1119.8510053712528, 1156.548306512473, 1150.360866475595, 1148.4886711787808, 1168.6900839420557, 1177.2154277727245, 1192.7060799708345, 1196.2288923157816, 1196.673548740137, 1155.796889981007, 1133.616557868939, 1082.4929966287664, 1080.108477728465, 1121.5951524216418, 1156.7871903595897, 1183.513845912957, 1162.2925328121673, 1157.9834835284028, 1160.882845930233, 1188.054374266888, 1169.7976802784738, 1154.4978217628777, 1173.1185807105053, 1184.1879444374745, 1190.4610784735105, 1188.0919718709604, 1190.0165366682677, 1184.8043211280724, 1183.0067717354275, 1181.903268710199, 1167.2309476316912, 1176.4322377897436, 1188.3370642080188, 1188.3064846276145, 1184.5377394053103, 1179.7812982051682, 1180.8057329380126, 1195.0843422062442, 1181.7630855645166, 1193.4507418171918, 1192.4977674317022, 1183.9010265480774, 1191.8026025251213, 1192.3577645032008, 1198.3304030725997, 1189.5918917369836, 1184.8798770001872, 1181.223907188694, 1171.9663260894379, 1185.5022055944194, 1196.067502084374, 1199.6865256812168, 1199.7495011441235, 1198.387374589411, 1194.2486265457542, 1183.8522572535237, 1178.1945747626921, 1187.2972543961484, 1184.8695082951929, 1188.6366866487508, 1186.3587708508398, 1188.715962345472, 1192.7288507875996, 1195.280088002345, 1194.3887190983403, 1194.0638924528698], "final_eval_returns": [1193.8863362456466, 1194.001373318914, 1193.9774212249329, 1193.9380328984748, 1194.019026045292, 1193.9905058072466, 1193.9226699250355, 1194.0115036254074, 1194.0148128306412, 1193.9935502256562, 1193.9225064678196, 1193.9310635171455, 1194.002401582658, 1194.022708907558, 1194.0336744389388, 1193.9511021969458, 1193.960636689507, 1193.9909634102207, 1194.0083822958688, 1194.0051250926322, 1193.8730996756399, 1193.9854285693825, 1193.916791850954, 1193.8976488441533, 1194.015082678707, 1193.8919661618984, 1193.939837664374, 1194.0049536772503, 1193.9952149407582, 1193.9871245695736, 1193.9992107412547, 1193.845912143688, 1193.8610915901138, 1193.9923466577586, 1193.949835895983, 1193.9187662824004, 1194.0017043498292, 1194.0215874113283, 1193.9812021637229, 1194.0089805193838, 1194.0183540655642, 1193.984152111287, 1193.9871064634578, 1193.9826682201765, 1193.9939482193486, 1193.94600614388, 1193.9955253968872, 1193.8979536628615, 1193.9484369051943, 1194.0202538246933], "final_eval_mean": 1193.968919762961, "final_eval_std": 0.04741329960857857, "total_iterations": 488, "elapsed_seconds": 7938.128527641296}