{"algo": "PPO", "env_name": "InvertedPendulum-v4", "partial": false, "seed": 0, "hidden_dim": 64, "project_dim": null, "eval_iterations": [5, 10, 15, 20, 25, 30, 35, 40, 45, 50, 55, 60, 65, 70, 75, 80, 85, 90, 95, 100, 105, 110, 115, 120, 125, 130, 135, 140, 145, 150, 155, 160, 165, 170, 175, 180, 185, 190, 195, 200, 205, 210, 215, 220, 225, 230, 235, 240, 245, 250, 255, 260, 265, 270, 275, 280, 285, 290, 295, 300, 305, 310, 315, 320, 325, 330, 335, 340, 345, 350, 355, 360, 365, 370, 375, 380, 385, 390, 395, 400, 405, 410, 415, 420, 425, 430, 435, 440, 445, 450, 455, 460, 465, 470, 475, 480, 485], "eval_means": [44.270200145561574, 82.96426345817386, 81.62353153948843, 109.80343469912304, 189.28427284475444, 227.54772307507108, 1107.6150363933352, 1154.3313001995377, 1130.5062093968709, 1141.931627411281, 1116.844779674833, 1139.0656699306523, 1173.4903299749237, 1165.4154971957898, 1158.9117492769747, 1170.311125665615, 1190.5926004919602, 1160.7032063810998, 1163.818857702688, 1187.843935226951, 1188.7003378634358, 1174.666867560382, 1160.8973378239837, 1120.0308606068827, 1110.907334283841, 1150.9765824431433, 1182.8598485337907, 1176.6452289908163, 1178.8120485192828, 1167.0553762001935, 1160.6520614029505, 1165.6708389927883, 1148.772974586536, 1152.0380459427363, 1160.804318782225, 1156.269977146114, 1126.217662932144, 1121.163372071533, 1155.0199129022562, 1175.637570740206, 1196.8861100332315, 1165.872466447926, 1192.2908658587496, 1151.7916991461107, 1194.4419783199012, 1163.9625911617043, 1180.8269349944467, 1183.3959622713703, 1199.2498797262724, 1179.4191179474476, 1174.7364015495941, 1179.278448525388, 1179.9073354724349, 1184.0300306288495, 1183.2311101463317, 1178.5825926707257, 1174.3177029067676, 1183.4357080226907, 1182.0474816420115, 1193.043741488934, 1199.0507841578917, 1193.8392005602989, 1198.1891714027813, 1196.275681055671, 1199.5360648718315, 1197.431914878631, 1189.8041512104187, 1199.0532285404631, 1196.2096785803205, 1197.3451695749325, 1192.4388167680381, 1194.6805226359002, 1194.3206765801342, 1197.8450939494373, 1197.0906436512478, 1197.7756157345787, 1198.3786999146294, 1199.6499992490335, 1199.5602610132364, 1194.4942936094576, 1196.3400321803385, 1199.5347320064127, 1193.007357317042, 1192.773085139366, 1190.9729671674882, 1186.8720981130627, 1187.8523714665812, 1196.0433105820223, 1197.4662677903514, 1199.6363068646388, 1197.3719632291086, 1195.767595421757, 1194.6713782709644, 1193.064385921742, 1191.4370991964636, 1191.229741191075, 1190.9492158120165], "final_eval_returns": [1190.9730798164962, 1190.9852233051463, 1191.0147025797671, 1190.9879225805296, 1190.9649416007899, 1190.987953399292, 1191.010002660871, 1190.972307690445, 1190.9071391132422, 1191.0161842741807, 1190.9428824234574, 1191.0015730251994, 1190.97815700107, 1190.9982178438363, 1190.9252497316506, 1190.920377855987, 1190.9536830250377, 1190.9711690045094, 1190.9791968236295, 1190.996482588478, 1191.004788278507, 1190.9833300818584, 1190.9708741688003, 1190.977907253279, 1190.9894485213026, 1190.9703732037897, 1190.9940248406706, 1190.952664108761, 1191.01222796955, 1190.9824641435728, 1190.9749082920007, 1190.9607684466148, 1190.9977620216328, 1190.8848488637434, 1190.9592430541495, 1190.9680333456197, 1191.0035358269583, 1190.895338766982, 1190.9727293470553, 1190.9571812133258, 1190.957462266134, 1191.0012525667617, 1190.9873757770904, 1191.0103321368754, 1190.9889330241892, 1190.9761300406208, 1190.9768194214284, 1190.976143158083, 1190.8973204685246, 1190.9692607709403], "final_eval_mean": 1190.972798554449, "final_eval_std": 0.030631082441177765, "total_iterations": 488, "elapsed_seconds": 7994.8129823207855}