{"algo": "PPO", "env_name": "InvertedPendulum-v4", "partial": false, "seed": 3, "hidden_dim": 64, "project_dim": null, "eval_iterations": [5, 10, 15, 20, 25, 30, 35, 40, 45, 50, 55, 60, 65, 70, 75, 80, 85, 90, 95, 100, 105, 110, 115, 120, 125, 130, 135, 140, 145, 150, 155, 160, 165, 170, 175, 180, 185, 190, 195, 200, 205, 210, 215, 220, 225, 230, 235, 240, 245, 250, 255, 260, 265, 270, 275, 280, 285, 290, 295, 300, 305, 310, 315, 320, 325, 330, 335, 340, 345, 350, 355, 360, 365, 370, 375, 380, 385, 390, 395, 400, 405, 410, 415, 420, 425, 430, 435, 440, 445, 450, 455, 460, 465, 470, 475, 480, 485], "eval_means": [18.84134594549117, 65.49328585245864, 181.2574061066387, 169.75147387440808, 267.83192659315534, 190.59416672817238, 250.60216637807156, 309.34926353243793, 1186.3875922029642, 726.1184166636396, 1187.0830083579856, 1181.6201736803957, 1176.0204216167472, 1190.640923437666, 1193.3510171230776, 1194.8254141082546, 1166.0634433207872, 1177.8266727805242, 1173.4899117735697, 1192.0395245932848, 1187.8466822445926, 1195.8569532027684, 1190.1101169236304, 1175.1035654677632, 1173.34142355698, 1189.444136812768, 1185.632042295532, 1196.3278410914243, 1195.8926847817131, 1187.6961068941093, 1191.5020190280693, 1190.665144574125, 1191.2998254273064, 1194.764576298549, 1195.9728664573956, 1194.5875515352845, 1197.018100378764, 1198.2446381730865, 1186.829929747625, 1187.298394197931, 1183.7689202349957, 1187.2294620167613, 1191.5594232299723, 1191.9492730569616, 1195.7603205686378, 1189.6665637731528, 1196.2389497732775, 1190.2126259214792, 1196.1149581058876, 1193.9070675257194, 1194.2500952856958, 1195.5648177779885, 1198.849072003929, 1190.508910421143, 1195.2946983862194, 1188.5836578274798, 1196.6850651769448, 1185.4007968743679, 1194.1894566500894, 1196.4433049644897, 1189.51935129965, 1192.5662149415853, 1188.7588292892385, 1197.955502570843, 1191.436784713996, 1195.7799112732362, 1199.3551595443207, 1194.525060142453, 1193.8483337259154, 1198.3567998688102, 1199.0806924605577, 1198.5936983142076, 1193.1378515612762, 1190.4772529463655, 1181.9155603148422, 1188.0261563147415, 1192.1345685592971, 1199.6431054931672, 1198.1680351012776, 1196.0398553136538, 1195.0981706539003, 1196.5073504577908, 1193.0799770674764, 1191.8149286100188, 1189.71042769333, 1189.5249430984832, 1191.69265074404, 1193.1747273793399, 1191.3100935206194, 1189.7343707502869, 1192.0634177841594, 1194.2010924724227, 1195.645892247312, 1197.1179974971467, 1199.0750474201939, 1198.8346230172738, 1198.6561013194646], "final_eval_returns": [1198.565155783951, 1198.7418998867988, 1198.6573894733347, 1198.532231044418, 1198.6826680489721, 1198.6717376948466, 1198.7191233945928, 1198.6955568799413, 1198.5497199007061, 1198.6682530773055, 1198.6799206914727, 1198.7321264835389, 1198.7117710677423, 1198.691198354519, 1198.702504574049, 1198.5431127484155, 1198.6686634639107, 1198.6943460484551, 1198.4988598210512, 1198.7446321915484, 1198.767667237422, 1198.6385982114243, 1198.6177495410473, 1198.6542460222684, 1198.7266793702, 1198.6645859768064, 1198.7186803407646, 1198.7180394377992, 1198.6707251994687, 1198.5572310179898, 1198.5823603267581, 1198.7339620503699, 1198.6792959906516, 1198.5676947811887, 1198.7054705711555, 1198.7183593494026, 1198.5441659388255, 1198.6404084609069, 1198.6824360392297, 1198.5461982999796, 1198.6914236051023, 1198.7403788809902, 1198.6730440120953, 1198.6421046148012, 1198.7233472245036, 1198.6733174092267, 1198.750153643166, 1198.7176568912796, 1198.6942987027135, 1198.6676833372628], "final_eval_mean": 1198.6651766622874, "final_eval_std": 0.06651341538943023, "total_iterations": 488, "elapsed_seconds": 7854.98926115036}