{"algo": "PPO", "env_name": "InvertedPendulum-v4", "partial": false, "seed": 4, "hidden_dim": 64, "project_dim": null, "eval_iterations": [5, 10, 15, 20, 25, 30, 35, 40, 45, 50, 55, 60, 65, 70, 75, 80, 85, 90, 95, 100, 105, 110, 115, 120, 125, 130, 135, 140, 145, 150, 155, 160, 165, 170, 175, 180, 185, 190, 195, 200, 205, 210, 215, 220, 225, 230, 235, 240, 245, 250, 255, 260, 265, 270, 275, 280, 285, 290, 295, 300, 305, 310, 315, 320, 325, 330, 335, 340, 345, 350, 355, 360, 365, 370, 375, 380, 385, 390, 395, 400, 405, 410, 415, 420, 425, 430, 435, 440, 445, 450, 455, 460, 465, 470, 475, 480, 485], "eval_means": [24.487125523944812, 49.35252879168365, 56.59226786824192, 72.1333640985075, 84.80320774025593, 82.79397126165468, 83.2832701022586, 104.11978112240551, 1122.6785397117476, 1144.0526411907754, 1126.6657553072075, 1124.4276978720875, 1137.5378493349767, 1142.0196991944579, 1178.0005041181767, 1160.939124081443, 1148.6097445871073, 1143.5675817384636, 1137.9036162538903, 1154.3463864478224, 1192.2362567932419, 1183.3281162382739, 1188.677454567144, 1195.449781385293, 1161.6502144889216, 1168.2523757021688, 1198.4814703031618, 1180.2764190537494, 1169.530335390347, 1156.062749507747, 1169.051276234598, 1172.2515362353722, 1166.173494776136, 1170.1994240015238, 1148.8174486310154, 1156.5528887728965, 1162.5628840349518, 1190.2574825087363, 1187.6527271508573, 1159.094941879625, 1160.13337940203, 1155.3412812157987, 1157.2743019029053, 1174.3110032023537, 1170.9385783715913, 1176.3065657444083, 1184.803853792979, 1182.7594515089083, 1194.7262339577971, 1197.912862363412, 1197.8482197257194, 1194.6225678698966, 1192.8421825417954, 1179.5643170559558, 1187.5039456570978, 1188.26531739771, 1185.8119565056968, 1178.9735355713879, 1170.0770459760327, 1187.1536345482705, 1192.1921788671734, 1187.3559656644156, 1183.2541517452432, 1186.3280495613124, 1188.0438466300457, 1186.0916850400317, 1185.9847448565756, 1179.7817658349302, 1184.8318975804577, 1186.9529403791528, 1189.392155178673, 1193.2269301147983, 1195.460229303952, 1193.4232971496263, 1189.4278549241426, 1190.6538727130871, 1194.943543108, 1188.1259462888154, 1181.8646435557262, 1180.1150707097377, 1174.1310783707127, 1173.3014218871576, 1176.1250241291145, 1171.652095247165, 1170.4031324418515, 1169.798508614871, 1167.4146977675998, 1167.3848284566288, 1166.4250547041552, 1167.1116832836537, 1168.2096844566859, 1169.3885840366918, 1169.580354371998, 1168.613125565148, 1168.664438647521, 1168.5614015664803, 1168.1745206280787], "final_eval_returns": [1168.0209046426867, 1167.9925646884742, 1167.9337907235133, 1168.0131391072425, 1168.0201234885549, 1167.9984610592387, 1167.9131535038473, 1168.0167818633643, 1167.9767485024838, 1167.977092182342, 1168.0176201574113, 1167.9862294593445, 1167.9718664441043, 1167.9946498245986, 1167.9853112922865, 1167.9839324703166, 1167.9315080092967, 1167.891213349612, 1168.0135387845455, 1168.032360043927, 1167.9782115752505, 1167.9919503051156, 1168.0158520343102, 1167.909184725989, 1167.992017034354, 1167.9580095632416, 1167.9036247390447, 1168.0161727204795, 1167.966353163735, 1168.0107737761293, 1168.0127918073504, 1167.9508252072283, 1167.9203660779392, 1167.9774302111982, 1167.9180665301521, 1167.9757048823092, 1168.002775068961, 1167.9829386586862, 1167.9232881393532, 1167.9478360422077, 1168.0016323265766, 1167.9738578284325, 1167.9073004250024, 1167.9771968518667, 1168.0279189582454, 1167.9789731277547, 1167.984696601841, 1168.0007924688505, 1167.9162778038308, 1167.9348465237376], "final_eval_mean": 1167.9745730955271, "final_eval_std": 0.03778439490265063, "total_iterations": 488, "elapsed_seconds": 7940.1465101242065}