{"algo": "PPO", "env_name": "InvertedPendulum-v4", "partial": false, "seed": 2, "hidden_dim": 12, "project_dim": 2, "eval_iterations": [5, 10, 15, 20, 25, 30, 35, 40, 45, 50, 55, 60, 65, 70, 75, 80, 85, 90, 95, 100, 105, 110, 115, 120, 125, 130, 135, 140, 145, 150, 155, 160, 165, 170, 175, 180, 185, 190, 195, 200, 205, 210, 215, 220, 225, 230, 235, 240, 245, 250, 255, 260, 265, 270, 275, 280, 285, 290, 295, 300, 305, 310, 315, 320, 325, 330, 335, 340, 345, 350, 355, 360, 365, 370, 375, 380, 385, 390, 395, 400, 405, 410, 415, 420, 425, 430, 435, 440, 445, 450, 455, 460, 465, 470, 475, 480, 485], "eval_means": [9.226701328666241, 9.683358158172469, 10.39673622216288, 11.115386120031525, 11.88172235071121, 12.957942680060137, 14.34532483687709, 16.38169244510422, 19.165454935901206, 27.93238516267494, 29.890211098994698, 28.980579286320438, 29.10622774401604, 29.259243225004994, 26.551568420293624, 27.715232670915622, 27.78024160345639, 30.108739134208705, 27.46990182401065, 24.77052476747454, 30.48350865954837, 30.891239472156084, 28.625658821142057, 33.640474117805546, 34.6448392451863, 36.169531077205555, 36.321565715404034, 34.46146638341836, 33.84567783803356, 39.71355644976844, 42.396344792539885, 35.929049832100745, 39.42247271366639, 41.260778888778376, 40.92460173292002, 39.07586378861833, 41.368724023087154, 41.289583276917, 43.62466802694841, 46.224108275431455, 42.88792412989115, 45.74631568654163, 46.20271799573691, 46.49598592124967, 50.86864523150566, 48.6591238583038, 47.24911598061649, 49.750322617481544, 54.95581644077093, 58.162694820143095, 55.807877673477634, 53.085050468560574, 59.35573429322765, 53.79829706677752, 56.983355214073214, 58.794516049756936, 70.59619079359341, 77.96079738245379, 76.6453660456144, 84.66536464346598, 95.69008963111851, 108.87419695107312, 123.75675619979518, 117.2955897257002, 130.48920308245602, 148.79331987500674, 172.452771051766, 181.9764608585852, 176.8152455113573, 139.5428098691796, 159.79020606480836, 156.40658175726355, 160.90010356016248, 547.369128197676, 664.5476974238742, 754.85211207525, 278.9134924933793, 217.12200105696994, 730.8473983734615, 237.13329470291185, 593.3540837268802, 1131.525241275674, 1137.009157822674, 1143.974179740201, 319.6804472653996, 309.1869943816191, 249.45380901506655, 252.86213574701296, 272.57341796043016, 348.23481981747636, 557.512791581786, 1152.9038775066117, 1142.4778291017408, 1144.5161955794479, 1145.7043872683735, 1136.9971173780043, 1135.2210593571162], "final_eval_returns": [1133.6325872977145, 1130.5139194827855, 1136.6847417200172, 1136.048462500921, 1136.8592933621828, 1133.3262201383284, 1137.6587080419733, 1134.9866720944144, 1135.8598789201822, 1135.2166836020308, 1135.029900902811, 1131.6047956909604, 1132.5699236314886, 1135.4514986048591, 1137.2973381557454, 1133.5443509618838, 1137.2905621096995, 1135.5247855994808, 1138.4145613771284, 1135.5900999431271, 1135.0690748938282, 1136.2214998674558, 1135.7453022742461, 1133.7408077902282, 1132.389444958274, 1131.88327572465, 1133.63274451913, 1133.142640403803, 1137.763288468821, 1134.666856747349, 1138.2685541766782, 1132.7492190525381, 1135.945280234632, 1136.9403457848534, 1134.2520998137752, 1135.1397475834438, 1136.6334405042537, 1135.8311556936976, 1137.2581383514944, 1135.2307862577002, 1138.524055960067, 1138.4596562732154, 1131.7303465639784, 1137.5192018770415, 1132.2276865783822, 1132.9585378509578, 1137.5527889912062, 1131.8062871390814, 1136.7075533744205, 1135.1284123913858], "final_eval_mean": 1135.1644642847664, "final_eval_std": 2.0828614149191735, "total_iterations": 488, "elapsed_seconds": 6506.956084251404}