{"algo": "PPO", "env_name": "Swimmer-v4", "partial": false, "seed": 3, "hidden_dim": 12, "project_dim": 2, "eval_iterations": [5, 10, 15, 20, 25, 30, 35, 40, 45, 50, 55, 60, 65, 70, 75, 80, 85, 90, 95, 100, 105, 110, 115, 120, 125, 130, 135, 140, 145, 150, 155, 160, 165, 170, 175, 180, 185, 190, 195, 200, 205, 210, 215, 220, 225, 230, 235, 240, 245, 250, 255, 260, 265, 270, 275, 280, 285, 290, 295, 300, 305, 310, 315, 320, 325, 330, 335, 340, 345, 350, 355, 360, 365, 370, 375, 380, 385, 390, 395, 400, 405, 410, 415, 420, 425, 430, 435, 440, 445, 450, 455, 460, 465, 470, 475, 480, 485], "eval_means": [-17.9016814503953, -17.667442967221522, -16.929217847754927, -17.710238342925948, -16.59899531925023, 11.072022941593842, 23.413633968531858, 23.992231227854848, 24.194196418175157, 24.250672819791745, 24.25367828085502, 24.386342882892315, 24.829167011135873, 25.44042869363048, 25.487883070185084, 25.575823076505625, 26.579482742322696, 27.922199230547747, 28.082638846159313, 27.61207506865678, 27.731933086788025, 28.846297644420897, 28.031271551751196, 28.072681555919907, 29.053516819528184, 29.61613840171805, 29.120337306214783, 29.41983212774212, 30.222720464202972, 30.911199013035574, 30.081688696131664, 28.39681160466718, 28.791365862853045, 29.459848420109758, 30.308046909453488, 32.35823434135449, 30.58669215609398, 34.674219083878896, 36.123204727693796, 34.976849327469914, 36.1850624627591, 36.661347551134334, 37.23751225810355, 36.422539857087024, 37.955605255819805, 37.07791305890693, 36.63445821530693, 37.50865333400227, 38.05719992754538, 37.356344422668265, 36.87657420954828, 37.506262256425224, 37.57520090036716, 37.2863702613094, 37.39108310315335, 36.728048373630934, 37.09500527481912, 37.98698356408533, 37.629524748621705, 37.88945140808024, 37.02411870534867, 38.0479555199867, 37.23136444354325, 36.05319429940709, 37.93697737596352, 36.93989500083882, 36.74609530761151, 36.53125715072035, 37.95781634880077, 37.935279898813, 37.10187729580273, 37.378992755115576, 36.97754295892703, 37.14297344633657, 37.22805977386495, 37.37743134872396, 37.27772551951225, 36.77101671467096, 36.88666735564985, 36.061197647408164, 37.07933529861476, 36.79671732909499, 37.37920682569378, 36.98089029849283, 36.86000750621943, 36.992928808498675, 37.86417566174681, 36.82912953382156, 37.399795711251734, 36.4280677268804, 36.95173679140565, 37.20609317989793, 36.736764533270005, 37.26872454426364, 37.90170263124662, 37.11699707756589, 37.552045401059516], "final_eval_returns": [34.86980216726269, 35.810134153878366, 36.57755034356448, 36.869530483530895, 36.82551066244281, 33.19800364779156, 36.49959397799718, 36.079124981561264, 39.10650406988642, 31.977871652461616, 38.13764459784875, 33.2348251984079, 41.50672955089759, 35.1271340136667, 36.57185957183302, 39.85702037143602, 38.17070538793516, 41.062954546797066, 38.01742755583696, 33.692948889048246, 32.91623633975264, 40.6338660929056, 41.858076954911915, 36.62413949732956, 41.733003858962675, 34.6967126868544, 39.4426579979267, 38.55964251580236, 35.97946699702104, 35.98898709717548, 37.94742826088772, 37.06951415975805, 36.569980147467234, 38.7843483365863, 38.51669953687974, 39.89397474320026, 38.192499902010766, 34.3403247302462, 37.47780908176378, 37.441346267822475, 31.99016616706511, 37.39885215042071, 33.58707731987434, 37.812777971444525, 35.267598901609006, 40.10334988383921, 43.182121043191216, 35.05307493608988, 35.6354165332485, 34.868405145755155], "final_eval_mean": 37.05516862163774, "final_eval_std": 2.619148973105334, "total_iterations": 488, "elapsed_seconds": 8644.892500162125}