{"algo": "PPO", "env_name": "Swimmer-v4", "partial": false, "seed": 4, "hidden_dim": 64, "project_dim": null, "eval_iterations": [5, 10, 15, 20, 25, 30, 35, 40, 45, 50, 55, 60, 65, 70, 75, 80, 85, 90, 95, 100, 105, 110, 115, 120, 125, 130, 135, 140, 145, 150, 155, 160, 165, 170, 175, 180, 185, 190, 195, 200, 205, 210, 215, 220, 225, 230, 235, 240, 245, 250, 255, 260, 265, 270, 275, 280, 285, 290, 295, 300, 305, 310, 315, 320, 325, 330, 335, 340, 345, 350, 355, 360, 365, 370, 375, 380, 385, 390, 395, 400, 405, 410, 415, 420, 425, 430, 435, 440, 445, 450, 455, 460, 465, 470, 475, 480, 485], "eval_means": [26.825322155238563, 24.395633638469477, 21.44795540030599, 21.178783848145276, 22.7486613681359, 36.10577285219762, 41.25617636750646, 40.514459085130525, 44.94584535970396, 45.915980904196225, 44.972229190166125, 45.63908625790239, 45.35162499330736, 42.5701906134404, 40.21775459184639, 38.89539837765536, 38.579164073369896, 37.595091929209396, 36.544227258987576, 36.19078755669771, 37.017825076800705, 34.69878523728967, 34.297791032320006, 33.13169543051889, 34.11750073745292, 35.474439760424396, 35.384871431075425, 36.52600969855321, 36.74826071685476, 35.87391664540315, 37.110363150733725, 37.84940315855761, 38.7841162775374, 38.44149791325461, 38.798011175663504, 38.497418728960305, 38.046590412724186, 37.288007992516945, 39.96940213363187, 41.22643582689118, 43.27480317097954, 39.73685497987494, 43.73239500426383, 55.42785342442153, 73.17072534646469, 77.1507815462108, 78.26684741045565, 81.12703337989555, 78.88970611333826, 69.24140753413148, 79.5845457681956, 77.16782980472983, 79.49158404591142, 90.51825807699834, 90.25368014603957, 91.10964283802606, 89.3042969529152, 90.29787677183947, 95.59715898263589, 93.55402181831253, 94.37095026399011, 101.51715153612291, 97.07666824320617, 101.20960164072916, 100.89764210201265, 97.72605666607828, 96.07572466261145, 95.39796179081051, 99.36448691777328, 104.65446555042392, 105.6574896959555, 102.3553098650094, 101.60905387649582, 104.3772391923401, 106.09114816212401, 106.08578997388108, 103.37004548021515, 104.26658863243154, 100.53510677458918, 101.60649797271368, 104.79657844903491, 105.03595640297863, 105.78669362900504, 108.03506944217342, 102.89761818562174, 106.87959702406155, 107.15506737172345, 105.39088242874207, 106.06541234037937, 102.67679638884829, 103.23149709683035, 107.81945372248464, 105.84054765390843, 108.17017821899331, 109.0124100423848, 109.01382428805944, 107.81004411207061], "final_eval_returns": [109.83606412020353, 109.43412850900694, 111.99067047795458, 106.70320209821027, 110.84994678367146, 108.00027107122072, 111.35908422215982, 108.31190650662172, 106.80833479608376, 107.36610652206595, 111.14850318487531, 104.87898096138446, 110.10246047177655, 111.11166460754652, 109.16669761358546, 104.86508250945519, 109.36161308784335, 109.25206748778493, 109.55968347053161, 103.56106638337822, 106.20804396084277, 103.44051709256651, 105.718841796287, 107.85477320528527, 104.00062654840231, 111.23297361474353, 110.18447325355821, 111.53930981264602, 112.82425763470417, 104.53417112542965, 108.03838729941688, 111.61834274194723, 101.7964562353263, 110.99828481540655, 104.11083355424455, 104.71529119122714, 109.42749852721553, 106.45567186841667, 107.40272484643229, 106.81515478113553, 109.79311993073088, 104.98355561928511, 109.82765899332682, 105.81967570675, 106.35728690516392, 111.00356715453985, 110.40406117593388, 109.8796078967491, 109.44995673153997, 107.7181209096106], "final_eval_mean": 108.15641559628448, "final_eval_std": 2.676507828882952, "total_iterations": 488, "elapsed_seconds": 8116.796406984329}