{"algo": "PPO", "env_name": "Swimmer-v4", "partial": false, "seed": 0, "hidden_dim": 64, "project_dim": null, "eval_iterations": [5, 10, 15, 20, 25, 30, 35, 40, 45, 50, 55, 60, 65, 70, 75, 80, 85, 90, 95, 100, 105, 110, 115, 120, 125, 130, 135, 140, 145, 150, 155, 160, 165, 170, 175, 180, 185, 190, 195, 200, 205, 210, 215, 220, 225, 230, 235, 240, 245, 250, 255, 260, 265, 270, 275, 280, 285, 290, 295, 300, 305, 310, 315, 320, 325, 330, 335, 340, 345, 350, 355, 360, 365, 370, 375, 380, 385, 390, 395, 400, 405, 410, 415, 420, 425, 430, 435, 440, 445, 450, 455, 460, 465, 470, 475, 480, 485], "eval_means": [24.671708931898703, 24.213411790981283, 25.089983729461522, 25.033957480985283, 29.213479574169856, 38.94274591254667, 40.5236104803916, 40.25366997969722, 43.04216519612251, 43.79683003597356, 40.90225591386779, 41.05433505723601, 43.021297467636465, 40.019014404468585, 40.91532444566179, 37.56436736144604, 42.025533133284256, 39.35165891282882, 40.353309465587415, 41.86375324815306, 42.301402941057546, 42.46957916591561, 40.80286186956158, 42.38901448001476, 44.42886817729393, 42.31827075360988, 43.32511397819091, 40.339850178818885, 41.56921890028891, 41.9247852116612, 40.96600080267109, 42.632309976580025, 40.08383996072253, 41.98049336852418, 42.02126214230046, 41.80422796845268, 42.51962264257911, 43.76085665863253, 45.74927871968217, 45.4939661408157, 47.02156687849311, 46.43085667042848, 44.87319972990265, 45.11887515230552, 45.99440533597506, 46.83145984029092, 46.39284496118591, 47.711929971830486, 48.68847478337722, 49.68403943009871, 48.0915973133164, 43.54508880114955, 43.90494670909924, 45.37426238730535, 50.36662875660601, 44.28608623032059, 43.592114031151034, 43.186238773338275, 43.475630824130405, 42.84398671939316, 43.50778909326421, 43.85058446567595, 43.49651542164191, 43.647145642610184, 43.41908173176191, 43.21221262626484, 42.20725519242201, 42.18978989584653, 41.691272301314086, 42.4096591138757, 43.53818176730985, 43.60306595599677, 43.356449852817114, 42.81167039672575, 41.818024265628495, 42.24018204817353, 42.4479524856986, 42.11562136251895, 41.85447163341785, 41.48460746990716, 40.99103580772005, 40.466234187897115, 41.88705842579518, 41.88318601647282, 41.64433201348914, 41.1270436211266, 41.23248754926927, 42.358946675041494, 42.032190422738914, 42.23829324471671, 42.32657087150832, 42.33835374527287, 43.087170876088564, 42.6906939871867, 42.79968927187614, 42.85787036436027, 42.74262831384613], "final_eval_returns": [41.92404915135861, 43.28624054491403, 42.12672100873943, 42.01372639989255, 41.885569721694175, 43.3570423933403, 42.27642163437056, 43.28213082418125, 43.91792100305239, 42.04630405923772, 41.62583600928906, 43.05424876239466, 41.35968822239929, 41.928664122603216, 41.92481167686421, 44.953360283258384, 44.77684042623484, 43.03865748071958, 43.150233534013445, 43.29801247567152, 45.139694202655264, 43.83821366356202, 43.051057288536995, 41.949981851424155, 42.208453631854, 42.42499871600693, 43.238406793180516, 45.06387901891989, 43.65800009963879, 43.78306357381552, 43.00424100372005, 42.5813944660259, 41.360143641086104, 43.900991765154544, 44.78704659954739, 44.420066050581795, 44.540733454762105, 44.23890891284333, 42.369049022455776, 43.94476070384774, 42.72648535821178, 43.51141772059341, 43.75525549333959, 44.28335081529292, 41.84558790917618, 39.24695353757337, 44.9246760308377, 42.378435323233695, 42.90646846829, 45.28448070504146], "final_eval_mean": 43.11185351110876, "final_eval_std": 1.2175964870349874, "total_iterations": 488, "elapsed_seconds": 8240.895161151886}