{"algo": "PPO", "env_name": "Swimmer-v4", "partial": false, "seed": 1, "hidden_dim": 64, "project_dim": null, "eval_iterations": [5, 10, 15, 20, 25, 30, 35, 40, 45, 50, 55, 60, 65, 70, 75, 80, 85, 90, 95, 100, 105, 110, 115, 120, 125, 130, 135, 140, 145, 150, 155, 160, 165, 170, 175, 180, 185, 190, 195, 200, 205, 210, 215, 220, 225, 230, 235, 240, 245, 250, 255, 260, 265, 270, 275, 280, 285, 290, 295, 300, 305, 310, 315, 320, 325, 330, 335, 340, 345, 350, 355, 360, 365, 370, 375, 380, 385, 390, 395, 400, 405, 410, 415, 420, 425, 430, 435, 440, 445, 450, 455, 460, 465, 470, 475, 480, 485], "eval_means": [28.01820060042376, 25.72840438942269, 25.174874542102557, 25.32208990942549, 24.834203032623392, 25.054699749188135, 26.28194563676217, 32.55094858186031, 34.38347753355753, 42.49479194667161, 39.25600537083655, 35.379137525217345, 38.232408920779065, 38.46924929691437, 37.547922235064355, 36.56295858800705, 39.43407203857073, 42.59276489867098, 41.31553123772156, 40.74851978016488, 40.01925275300657, 35.54116939886422, 39.47097284823083, 38.517425480259675, 40.03962288160561, 35.84666186617715, 33.32898215549503, 33.63624487907247, 37.941707105238926, 36.938291946427, 36.1613239787446, 33.15398892496377, 32.60179418821337, 34.654894754207746, 34.64767886209378, 34.85880620838502, 35.050085614228635, 36.29935228811409, 36.53700829446357, 36.86875012315205, 37.24168260912362, 38.29640835403125, 38.39890258513274, 37.69142222330397, 38.051722552499534, 39.218628639461016, 39.3883501446919, 38.63305863522172, 38.06503581811791, 38.79730013448153, 38.98901832499163, 38.51520739789684, 38.54935972932552, 38.59170180053943, 38.552410023263, 38.35579005062734, 38.63335044281493, 38.65949462029805, 38.63331724605851, 39.36689458670515, 39.074061539913856, 39.34056187699966, 39.98022111279178, 40.257159016957914, 40.14149684825342, 39.8773211171903, 39.404590275021995, 38.94164736589365, 38.71594388660205, 38.77164890059823, 38.98349973686609, 38.782404968340394, 39.023331755823754, 38.86696609209231, 38.89188850022786, 38.98006164155195, 39.37384401045102, 39.392642751119354, 39.61486542058603, 39.69152958650531, 39.762070338666334, 39.47289039217363, 39.52741875523385, 39.684230023964794, 39.75255481206139, 39.61831845123338, 39.83877732832499, 39.74728648072556, 39.933829371420735, 40.26682154661256, 40.371883439358704, 40.76553571240375, 40.93821629573423, 40.80203359787285, 40.65053908643226, 40.98101092789226, 40.768463323798], "final_eval_returns": [40.146234582056934, 40.13287976948269, 39.40013155362846, 40.51970301607713, 40.72570644544885, 41.227243516387716, 39.787947720003636, 40.124177713084, 41.27922734815508, 39.73282239909828, 40.35267249633727, 39.72371961275093, 39.73240159188497, 40.829384757793285, 39.90818475383724, 40.03915034777671, 40.44427144709608, 40.31795807124811, 41.2817545677591, 40.894595738780566, 42.16457887519796, 40.975131576010554, 41.334511841569935, 39.97281724501568, 40.732139409019325, 39.833092048977086, 40.70178911095839, 39.38589922548059, 40.334267562847586, 39.288763985450714, 41.38793152142383, 40.27386857708686, 41.11779499405249, 41.58255400342829, 40.93944022461604, 40.116695416717604, 40.40377396790748, 41.262660761405556, 40.297647705699916, 39.56502541903921, 40.557117807234945, 40.905225219983784, 41.057735449312595, 41.294163039086584, 40.16230034541248, 40.663392483815144, 40.85088389945497, 41.14689055743009, 40.99182999703776, 41.33966226588445], "final_eval_mean": 40.5447950397049, "final_eval_std": 0.6435066553057394, "total_iterations": 488, "elapsed_seconds": 8311.854328155518}