{"algo": "PPO", "env_name": "Swimmer-v4", "partial": false, "seed": 3, "hidden_dim": 64, "project_dim": null, "eval_iterations": [5, 10, 15, 20, 25, 30, 35, 40, 45, 50, 55, 60, 65, 70, 75, 80, 85, 90, 95, 100, 105, 110, 115, 120, 125, 130, 135, 140, 145, 150, 155, 160, 165, 170, 175, 180, 185, 190, 195, 200, 205, 210, 215, 220, 225, 230, 235, 240, 245, 250, 255, 260, 265, 270, 275, 280, 285, 290, 295, 300, 305, 310, 315, 320, 325, 330, 335, 340, 345, 350, 355, 360, 365, 370, 375, 380, 385, 390, 395, 400, 405, 410, 415, 420, 425, 430, 435, 440, 445, 450, 455, 460, 465, 470, 475, 480, 485], "eval_means": [26.602512231228587, 25.267340534523512, 26.093442158309337, 26.687618280163523, 27.546013260068563, 27.27180014095587, 27.407186233004108, 27.47350947577504, 26.918300769226757, 26.4422087319191, 26.710245499224605, 26.092910415198503, 27.854440782146515, 27.399632840689492, 26.448214069519985, 28.020953855418462, 35.53219884561475, 27.578010904024623, 28.627278410504893, 27.186247175584132, 40.66898276403269, 42.00219635058735, 37.12023922783499, 42.207732141981836, 40.64138487244662, 40.950754334083484, 44.602411607378436, 39.47418657113483, 44.34986432901093, 44.0183230423809, 42.09649462195418, 39.747980507411796, 33.685005989216755, 32.54037530902923, 31.54962548268595, 31.453387839336052, 33.46234577845048, 32.02020922695617, 30.204949837500283, 30.82233935257101, 28.567400395659973, 32.039632759908606, 33.13514884233061, 30.866151570433686, 32.4301409171103, 32.844308277421675, 30.15607274157902, 29.501532405768085, 32.484894183425965, 30.393509340126826, 33.53370867952329, 33.82666642855591, 33.93042579777352, 35.396251541815644, 31.531038970169238, 30.902919850087798, 30.764101786325437, 32.28408221163098, 31.20126272695184, 29.280762384181365, 30.181916746397654, 31.25772151722853, 31.204279736079148, 32.66747672161795, 32.731676450091285, 33.091012576825484, 32.83637773141111, 33.134340733363004, 32.544212976155556, 32.77547950570663, 31.968206433278343, 34.00761786495355, 34.82152548841176, 34.821788006243835, 36.27945895661057, 35.55652213948649, 35.53693852218107, 35.09670128726928, 35.32349504564007, 35.372510915396056, 33.56589868989924, 33.0749093095936, 31.839014596252497, 31.914255670682998, 31.932480184051634, 32.07108558464664, 31.72481870821527, 32.02903407940934, 30.820785083723518, 32.270178330733444, 32.51347453225824, 32.0366214175009, 32.211669111584406, 32.79562951573815, 32.282563428984794, 32.312859773321534, 32.55524169793684], "final_eval_returns": [27.716686834703253, 35.67080911789669, 34.07617851778003, 34.573550807891685, 33.707346674153065, 32.86086960892523, 30.742074310692875, 34.582991843509966, 29.349404828147886, 29.725153139592653, 32.192415044717244, 32.33808243979048, 31.987467023354508, 36.523795958222166, 30.60059453254774, 32.75303606101662, 36.305674231713446, 32.53915216042396, 26.46041630261999, 29.71312381268856, 32.97729417830929, 32.6373750136432, 30.872811281085827, 29.174461686434626, 32.02857455065728, 33.18661702627586, 35.35547400349233, 36.9731463785038, 32.13036221243717, 27.668241699240788, 31.309068731433797, 29.66183956037375, 31.351519758567985, 27.76212975389257, 28.868857189209102, 29.34477236706326, 33.689296767697364, 27.65684234431113, 28.413094815488137, 31.787672340983146, 34.33402615035487, 31.55180004699511, 30.59168701812177, 33.053312197466695, 34.24098456704727, 33.94688761838294, 32.14125215475782, 27.371321897407316, 32.7610320736857, 29.52022547130256], "final_eval_mean": 31.735616082100208, "final_eval_std": 2.5674479128306342, "total_iterations": 488, "elapsed_seconds": 8290.377744913101}