{"algo": "PPO", "env_name": "Swimmer-v4", "partial": false, "seed": 0, "hidden_dim": 12, "project_dim": 2, "eval_iterations": [5, 10, 15, 20, 25, 30, 35, 40, 45, 50, 55, 60, 65, 70, 75, 80, 85, 90, 95, 100, 105, 110, 115, 120, 125, 130, 135, 140, 145, 150, 155, 160, 165, 170, 175, 180, 185, 190, 195, 200, 205, 210, 215, 220, 225, 230, 235, 240, 245, 250, 255, 260, 265, 270, 275, 280, 285, 290, 295, 300, 305, 310, 315, 320, 325, 330, 335, 340, 345, 350, 355, 360, 365, 370, 375, 380, 385, 390, 395, 400, 405, 410, 415, 420, 425, 430, 435, 440, 445, 450, 455, 460, 465, 470, 475, 480, 485], "eval_means": [26.459883972612747, 25.78633776680649, 25.717775473396244, 24.99818393661033, 25.17025416711694, 24.843367627064072, 24.758538218195817, 24.328677165422423, 24.48448173305026, 24.555955895558387, 24.60546285027273, 24.496309601486274, 24.44111230979417, 24.59896546765114, 24.33313250277342, 24.098831262732933, 24.384185518388175, 23.90833094435094, 24.208187930181108, 24.280955282533263, 24.583209506202074, 24.444791542044623, 24.624114365387143, 24.774339955702498, 24.93910222853178, 24.852930082651554, 24.8540101862949, 24.757133905609585, 25.14328199961455, 25.353676728828987, 25.60570845501932, 25.453775031453738, 25.77395520927249, 25.813548981060407, 25.97424973678678, 26.52008436473502, 26.9963390298937, 27.161418644763184, 27.538902488004446, 27.99678394833359, 28.223071386530286, 28.366307035122574, 28.940693401472213, 29.04522085275288, 29.578959552917144, 29.185858903935046, 28.65077078136395, 28.966980280448762, 29.534092575339873, 29.60664692881059, 30.217831087408005, 31.20030611027535, 31.313433244985273, 31.43112844548, 31.82274178614157, 31.872358551421016, 34.11938492169052, 31.722371699673264, 33.9644728943029, 41.402108730327875, 34.56134142052744, 40.83475795966237, 41.64791058041267, 41.79358056729923, 40.63667192828036, 40.87183240097284, 41.599693509309624, 41.28103157540882, 41.7662744229526, 42.192520561042095, 41.774248265955606, 39.98712946733291, 40.06527170054132, 40.653797756604156, 41.11208489945628, 42.27063726041828, 41.988010913029946, 41.50666837827279, 41.36693998896496, 40.451160769093256, 40.46052109762864, 41.11687937371502, 42.00690978351518, 41.77925452555874, 41.839511385365434, 41.84206854629907, 41.865632654434386, 41.9341746629655, 41.91622149510923, 41.619017214942794, 42.025090532185885, 41.30299494155925, 41.55544033513609, 41.12397509165197, 41.69977968065402, 41.680703779853935, 41.82981757678277], "final_eval_returns": [43.136403802036696, 44.22143110083213, 45.55666749229872, 42.676824162669405, 41.96964599637183, 43.71175121136216, 41.356615628948894, 44.76298649428841, 41.05684738649711, 41.21292585547871, 41.89394467474504, 39.31172217976574, 40.92391265876229, 41.70128881868671, 41.28935704618828, 39.46243121126914, 42.150104398871214, 40.37577700385945, 43.382729283822734, 41.54087121526876, 42.55734671133131, 43.424463309315804, 38.6393512155408, 39.95713592328022, 42.77870585410714, 45.623469991244185, 40.34087983102809, 41.93977856063447, 36.968567448554566, 43.70560468415793, 42.95338641964143, 38.741205115259774, 40.61959575027119, 41.82122354619728, 41.841356149627075, 41.493878281365156, 41.32141721218918, 43.196434899643805, 42.14333504474261, 40.27137465945974, 37.93472213697221, 40.208287857288965, 39.500947314730006, 40.30084629056584, 39.25275037544428, 42.854516151555195, 42.02683387927328, 43.108418076001676, 43.25080638458771, 40.75497159007302], "final_eval_mean": 41.62451696572215, "final_eval_std": 1.8311094512716986, "total_iterations": 488, "elapsed_seconds": 8818.44126200676}