{"algo": "PPO", "env_name": "Swimmer-v4", "partial": false, "seed": 4, "hidden_dim": 12, "project_dim": 2, "eval_iterations": [5, 10, 15, 20, 25, 30, 35, 40, 45, 50, 55, 60, 65, 70, 75, 80, 85, 90, 95, 100, 105, 110, 115, 120, 125, 130, 135, 140, 145, 150, 155, 160, 165, 170, 175, 180, 185, 190, 195, 200, 205, 210, 215, 220, 225, 230, 235, 240, 245, 250, 255, 260, 265, 270, 275, 280, 285, 290, 295, 300, 305, 310, 315, 320, 325, 330, 335, 340, 345, 350, 355, 360, 365, 370, 375, 380, 385, 390, 395, 400, 405, 410, 415, 420, 425, 430, 435, 440, 445, 450, 455, 460, 465, 470, 475, 480, 485], "eval_means": [-22.460517230641386, -14.92781258978311, -21.786387598624064, 23.54004093906042, 23.940270834513917, 23.931230146201415, 23.144734437482388, 23.294749457681604, 22.806328942250058, 22.99085460568111, 23.30448163295552, 23.524200462011674, 23.3056031015009, 23.36565925274277, 23.631577127142226, 23.325960690853787, 23.42340157558913, 24.331061994350264, 24.739700385549696, 24.81788939129773, 25.551026370294053, 26.25847175779677, 26.856110727090822, 23.923341653749585, 21.560987930056328, 21.601647866890513, 24.31116013828767, 26.54382262166035, 12.504092881898785, 8.090076901637206, 4.254673931125435, 2.28870849112277, 2.7134496185687964, 0.9657336082100291, -4.152084757179972, -5.054115656762452, 1.9293209558925897, -1.7479285086721643, -2.2256285366333346, 9.49517534342974, 11.426876685125727, 9.654669620579405, 7.836260947072734, 4.370115376715328, 6.423596582703632, 10.94522759381287, 8.531191649032522, 10.196922161951145, 15.52438247396646, 6.1485085006479725, 2.6206200456341247, 1.8946985290685319, 6.205966738836617, 6.356543994852459, 13.086328554546926, 16.1856706402436, 14.73353146476494, 7.246538206919706, 7.211242621164753, 4.722862478192605, 10.312001027894803, 10.496581356858755, 12.561447603860843, 11.875263738142086, 14.484049083942208, 13.03772539245178, 9.105534951476091, 11.952788919379245, 6.1823860186406305, 12.83098624707287, 14.264432364465122, 15.343726214976801, 14.59888576125202, 11.94592539926364, 12.827041200486283, 9.142915913239506, 11.02496526285298, 10.844566043688452, 14.743105083556037, 18.982511887433017, 18.200750474722785, 12.849375391187266, 16.804641837588274, 17.76785397870156, 18.22485099399454, 17.83768605594525, 12.93683768530711, 16.979253357778706, 18.46052699637898, 18.214717557437027, 21.41702609168819, 20.38354658121779, 21.45323824838034, 22.648898464704754, 22.206997922136225, 22.82168975743293, 24.11477058659184], "final_eval_returns": [26.802137159968453, 30.07543454850973, 11.116576747412166, 24.043005531084308, 12.34484542144131, 25.748444126176285, 13.35506865324309, 26.738190555590332, 25.23877168781604, 26.43819680478855, 13.553028633383255, 20.30105865384826, 28.773213808462604, 23.319099072401823, 25.5688392331084, 20.765459443950803, 27.307205812156408, 29.075480573925283, 21.325653847577165, 20.309021916928288, 23.168366335617137, 22.68953124011811, 23.581913152055613, 25.688316430313368, 20.965354036250954, 23.925012075607395, 13.327890967527349, 17.978943337941175, 11.801584378073398, 21.77002021453393, 28.13534882190598, 20.916421816400927, 24.639770191078036, 15.185520393174695, 21.10892791705299, 22.17156780773117, 27.960749175913847, 27.17433922904633, 26.917086891663804, 22.98764381562339, 29.224285245051043, 22.204783637148093, 27.723570832892406, 20.094215012102197, 22.852092323452368, 28.62870484454797, 15.377891092565688, 25.3867588743866, 29.299120196196778, 26.12910655556012], "final_eval_mean": 22.82427138146611, "final_eval_std": 5.073120033917804, "total_iterations": 488, "elapsed_seconds": 8180.375574588776}