{"algo": "PPO", "env_name": "Swimmer-v4", "partial": false, "seed": 2, "hidden_dim": 64, "project_dim": null, "eval_iterations": [5, 10, 15, 20, 25, 30, 35, 40, 45, 50, 55, 60, 65, 70, 75, 80, 85, 90, 95, 100, 105, 110, 115, 120, 125, 130, 135, 140, 145, 150, 155, 160, 165, 170, 175, 180, 185, 190, 195, 200, 205, 210, 215, 220, 225, 230, 235, 240, 245, 250, 255, 260, 265, 270, 275, 280, 285, 290, 295, 300, 305, 310, 315, 320, 325, 330, 335, 340, 345, 350, 355, 360, 365, 370, 375, 380, 385, 390, 395, 400, 405, 410, 415, 420, 425, 430, 435, 440, 445, 450, 455, 460, 465, 470, 475, 480, 485], "eval_means": [-14.54991935988378, -15.38910688718479, 25.296220819234648, 25.77803779603801, 24.05054673724105, 23.683692605244026, 23.40896792348209, 25.351037219112918, 31.663298430986586, 37.40940979957627, 40.40114439767014, 36.06840023715845, 40.52616947241703, 40.466373376553264, 38.30353337279724, 35.89276783068071, 34.05081599065455, 35.06236346681251, 34.08277014898766, 33.393285407815, 34.2629555904317, 33.025479011553706, 34.99939499509499, 36.18032486185542, 36.90046297865686, 36.70111603399312, 35.85293792019268, 36.10649988718545, 35.58512901266612, 35.4293719812801, 36.036892330768325, 36.77403198551914, 37.683142192155245, 37.92020150978363, 38.13240367493115, 37.913336648731686, 37.498711191680044, 38.057552962480294, 37.59724779922076, 37.961341633651514, 38.59667192087144, 38.31512417559146, 38.56009243848898, 38.670867719345466, 38.1021652912214, 37.54781707615351, 36.54328009740082, 35.0499351738272, 37.20470274822109, 39.484969268937355, 39.16197791092679, 39.33959668184876, 40.77687121101821, 40.0931741309457, 42.287390591770325, 48.08997682681076, 49.199837865502225, 53.332504345481624, 52.14419071281681, 54.636606449736945, 51.14398128480016, 49.30066328733245, 58.556674130659886, 56.41786678267298, 54.91696722893446, 67.16884864049447, 62.06139733938363, 58.82478672047333, 58.252089673097174, 72.80794596653855, 81.39535186033721, 84.05010586834564, 84.21303907508701, 84.56330094935244, 88.88354351844522, 88.90062423945254, 86.86586789021277, 91.31159061443661, 93.73466620735242, 93.963815474058, 95.09990266054741, 96.76756732798952, 94.26003134606961, 97.37476298825885, 97.81501888490747, 100.03931936110213, 97.19445689937979, 99.77729585944934, 98.68048850762227, 99.65590496860473, 100.64048802752103, 100.744172945619, 100.03974762032273, 99.510671769609, 99.8420831402502, 100.5681830593501, 101.0214959108933], "final_eval_returns": [99.84818008645435, 100.63981867815963, 104.00024800824026, 99.34804576326982, 100.5702621328681, 102.49986856369016, 99.75345375202316, 99.39899412906513, 99.2011101657352, 101.76002596301352, 101.02393760446613, 101.187078626885, 99.70024069435357, 105.54496956798886, 100.08837057616233, 99.6669018618999, 101.82471862474614, 101.35566733073281, 100.05219782247634, 102.1242170522136, 99.99738341295854, 102.03131400033512, 101.72072425821143, 103.63177531962319, 99.56568456812685, 99.32867162214973, 101.31191473423748, 102.19196257513408, 100.42841709123086, 98.98701062024327, 100.319178505662, 99.53391260809076, 104.62295793146141, 101.897530579136, 104.21920802293401, 101.54739376368568, 100.8615792029513, 100.32131288214765, 103.66489387365112, 100.81583966324393, 102.1492387033478, 99.76783094536405, 102.22764110041896, 101.09119028513045, 99.83330107268107, 99.52031529259186, 100.58543160843159, 99.31574409930755, 100.03540135954587, 101.47689186213348], "final_eval_mean": 101.05179917137224, "final_eval_std": 1.539692513056288, "total_iterations": 488, "elapsed_seconds": 8307.953090429306}