{"algo": "PPO", "env_name": "Swimmer-v4", "partial": false, "seed": 2, "hidden_dim": 12, "project_dim": 2, "eval_iterations": [5, 10, 15, 20, 25, 30, 35, 40, 45, 50, 55, 60, 65, 70, 75, 80, 85, 90, 95, 100, 105, 110, 115, 120, 125, 130, 135, 140, 145, 150, 155, 160, 165, 170, 175, 180, 185, 190, 195, 200, 205, 210, 215, 220, 225, 230, 235, 240, 245, 250, 255, 260, 265, 270, 275, 280, 285, 290, 295, 300, 305, 310, 315, 320, 325, 330, 335, 340, 345, 350, 355, 360, 365, 370, 375, 380, 385, 390, 395, 400, 405, 410, 415, 420, 425, 430, 435, 440, 445, 450, 455, 460, 465, 470, 475, 480, 485], "eval_means": [24.7731614994652, 24.21650173462341, 24.29901473801629, 24.39726331163419, 23.808657785037777, 23.73614892720143, 23.396689925292755, 23.9445686998781, 23.78988084951096, 23.771416184962575, 22.993090711750575, 23.493868118883917, 23.91819029696793, 24.180819425772516, 23.759658112372527, 24.47637183714844, 23.732615326913823, 27.913744297258944, 28.279361258299218, 26.459954147307602, 29.04891261320631, 29.82898355317614, 29.747185915012277, 31.713161612751087, 30.102206009937266, 28.223539358432376, 34.12751093416751, 33.75197189872504, 35.131273368095115, 35.601302489861894, 36.991330954959324, 36.22254151161094, 35.63920074225072, 34.05258658840696, 35.18799035690629, 33.91178140926818, 37.625101966853805, 40.97656521979264, 38.620732363191294, 43.12283878353689, 44.1391143092827, 43.973457060711986, 45.001604342479524, 45.1058995427813, 44.71484220533764, 45.6214681280479, 44.736635691032795, 43.60708106082578, 44.23340422945022, 44.2810666442842, 45.027783466783205, 44.37355393754059, 43.53604274846963, 43.42962165584862, 43.67676011591021, 43.54760263919552, 43.20808849064284, 43.926480784885236, 44.25778189987359, 44.674593302351305, 43.64113569090412, 43.05262082758858, 42.685948993982535, 43.6406467220696, 44.32734728884929, 44.26438112156938, 43.58846111294875, 42.968214889644386, 43.742178572386635, 43.12686778537335, 43.6749907900931, 43.07341001724616, 42.52655816793802, 43.302597648489126, 43.74396047485889, 43.566910551994994, 43.1125010257796, 42.649541001407734, 42.51406383695723, 42.45997163246993, 42.791458922469175, 43.13063111427057, 42.83332584291997, 43.02116918047282, 42.894135438908386, 43.2306766916573, 43.712668695252, 43.75562218859055, 43.94650809881376, 43.97636004102525, 43.481041670937785, 43.6709881735161, 43.385938728912954, 43.311664575386274, 43.34620203450514, 43.73847746137946, 43.228363118647955], "final_eval_returns": [41.853804785687366, 45.257813601065514, 46.951207208124636, 40.4505604278019, 44.87344782847307, 44.192750952739964, 44.09421907254026, 43.520454926222, 40.8833777108073, 45.93098593606023, 43.79913287942132, 45.67188062293366, 41.38724792329711, 46.18422069556319, 44.50401347468539, 44.253966982374486, 46.786528178582124, 42.620613130199835, 41.54187426781725, 43.82790649421484, 44.66085501563481, 46.861857435000616, 43.10420623359241, 45.630017395970576, 41.00343680407002, 43.03387286714022, 46.07968104931903, 43.904064557657456, 41.53206735834873, 40.63552592424745, 43.45711163879593, 41.28924220773695, 46.53600762395408, 46.10147414406451, 47.38624463717017, 45.94046633070871, 42.723002731455004, 42.048715148548126, 46.59079935676679, 45.15902757562222, 44.21811236476109, 40.94490371976567, 46.66321589570423, 45.20815583290618, 41.75827709765714, 41.218799066623724, 45.271065185087714, 42.04467777408657, 41.80507131799955, 42.8733295294669], "final_eval_mean": 43.88538581836948, "final_eval_std": 2.024803250828309, "total_iterations": 488, "elapsed_seconds": 8723.265169143677}