{"algo": "PPO", "env_name": "Swimmer-v4", "partial": false, "seed": 1, "hidden_dim": 12, "project_dim": 2, "eval_iterations": [5, 10, 15, 20, 25, 30, 35, 40, 45, 50, 55, 60, 65, 70, 75, 80, 85, 90, 95, 100, 105, 110, 115, 120, 125, 130, 135, 140, 145, 150, 155, 160, 165, 170, 175, 180, 185, 190, 195, 200, 205, 210, 215, 220, 225, 230, 235, 240, 245, 250, 255, 260, 265, 270, 275, 280, 285, 290, 295, 300, 305, 310, 315, 320, 325, 330, 335, 340, 345, 350, 355, 360, 365, 370, 375, 380, 385, 390, 395, 400, 405, 410, 415, 420, 425, 430, 435, 440, 445, 450, 455, 460, 465, 470, 475, 480, 485], "eval_means": [26.730305474138607, 26.486960255278124, 26.163495672512408, 26.16724698038645, 26.513414772219885, 26.36512351355136, 26.530138433341158, 26.41961881800538, 26.802212033086775, 26.52535491355923, 26.5502610816636, 26.76245956284067, 27.062352971468375, 27.278149784270536, 27.953963486108115, 28.158879718750942, 28.143735202324336, 27.798765780767315, 28.00505710052707, 27.909445157798, 28.678036948637793, 28.631192205913898, 28.542414224827027, 28.738183248383788, 28.69340478559221, 28.976839640870377, 29.043001247865575, 28.77804443516507, 28.571563071145384, 29.151583866785288, 29.794967463276315, 29.525797354060334, 29.46567337402113, 29.433502684551453, 29.50775840406103, 28.972597177511272, 28.76937512824686, 28.1243925604408, 27.740186650313394, 28.165505261445574, 27.734942396935153, 28.21739124937442, 28.85076499016015, 28.661937265811197, 29.578391623014667, 30.782857681911775, 31.06878247176179, 31.582952044298214, 32.223862510040746, 32.05914988674035, 33.25745872591071, 33.821355838393714, 34.31623402802922, 34.18646230181297, 33.94774669702998, 34.13834877740088, 34.53931368972944, 34.723165635140674, 34.55830185578788, 34.886871680869724, 34.9975588433342, 35.54579353112155, 35.43196406536594, 35.29099357452451, 35.51127211123309, 35.05179016324087, 35.19572611747921, 34.823577434472966, 34.78005496048448, 34.91852942550668, 34.864732606902436, 34.859860406463625, 35.3997518048281, 35.61894830080009, 35.29866954847174, 35.45263875600755, 35.56879762107512, 35.20199406794295, 35.312991844781315, 35.27210598826171, 35.55433334929144, 35.220518683637856, 35.80042610731827, 36.013275002167596, 36.05474707078072, 35.77664978622025, 36.12258291247689, 35.75233619005785, 35.94284869360134, 35.48826369735677, 35.79750055446753, 35.859311206935125, 35.71858080848411, 35.620270126244556, 35.555593934444026, 35.98914616122276, 35.45716474075304], "final_eval_returns": [34.90761177095527, 33.54544147451033, 32.76572039743313, 35.51478132375682, 35.65258484818196, 36.56152562984934, 33.26293284601891, 35.20443764532119, 36.01954894168446, 33.25514723293048, 33.75868939002385, 34.514607417185886, 32.69464555713514, 35.363631406952884, 34.777462662743275, 34.28791385744851, 35.53425039609336, 35.42353155724889, 35.53888388723192, 35.90874312126257, 37.31624762884863, 36.11937798505952, 37.111443735049335, 34.90654723636222, 35.06659699006246, 34.231307183654316, 34.92672390347664, 32.863422924240986, 35.2714969231808, 32.59687989513706, 36.76109458687026, 34.511967116107904, 35.06287733435778, 36.54859445939923, 36.54552977218827, 33.62142712524201, 35.383893401980984, 35.0989704843269, 34.360782333415706, 32.73322770820643, 33.76494896020954, 33.97694172770936, 36.91163146300421, 36.72613367411686, 34.965626112869295, 34.7197148289883, 35.48726220273724, 36.00380063931635, 35.06475023259968, 36.25442981800156], "final_eval_mean": 34.988114795013765, "final_eval_std": 1.2384279680831816, "total_iterations": 488, "elapsed_seconds": 8749.900976657867}