{"algo": "PPO", "env_name": "InvertedPendulum-v4", "partial": true, "seed": 1, "hidden_dim": 12, "project_dim": 2, "eval_iterations": [5, 10, 15, 20, 25, 30, 35, 40, 45, 50, 55, 60, 65, 70, 75, 80, 85, 90, 95, 100, 105, 110, 115, 120, 125, 130, 135, 140, 145, 150, 155, 160, 165, 170, 175, 180, 185, 190, 195, 200, 205, 210, 215, 220, 225, 230, 235, 240, 245, 250, 255, 260, 265, 270, 275, 280, 285, 290, 295, 300, 305, 310, 315, 320, 325, 330, 335, 340, 345, 350, 355, 360, 365, 370, 375, 380, 385, 390, 395, 400, 405, 410, 415, 420, 425, 430, 435, 440, 445, 450, 455, 460, 465, 470, 475, 480, 485], "eval_means": [14.29893917761985, 18.00830115543317, 25.05643000650165, 30.185180867475875, 26.42769226139301, 29.255759099842663, 28.38012684840193, 29.932768088058832, 22.87733277780027, 21.00941702456612, 22.702678337253147, 29.446707709793742, 29.280263228039487, 31.629376439803842, 30.168867352488174, 32.117848544655395, 34.82788975507399, 33.44883273291638, 29.12350136298438, 34.26429418410255, 32.43328586174003, 30.252299561889213, 31.96297798418057, 32.587682496759534, 31.703942246001542, 32.4869008293257, 31.03022737223577, 30.77950319632834, 31.602277855450573, 33.20839137719308, 31.918455909220896, 33.69369384767719, 31.890651880766214, 33.441759874272215, 33.469613021318445, 33.49644416881196, 33.16773114971444, 33.34580792740224, 33.41753439949168, 33.70435235282032, 32.50905276285193, 33.64627883490816, 31.780915666200382, 33.242997154157486, 31.850851376220934, 32.51297178876951, 31.81922433883853, 33.72067381933869, 30.80100761594788, 31.71387134443022, 29.88094540880932, 32.13492980446913, 32.24255666219778, 30.443751467707642, 30.67812036489314, 31.952721848613965, 33.468747078531, 32.487471114913326, 32.04076699268055, 30.808361070873296, 32.04816656616433, 32.77755208141887, 31.479437143517224, 31.596428397379057, 30.62025144475644, 31.261795687069267, 32.250737859898244, 33.74248713444036, 30.466510621765, 32.50937229396287, 30.306331341400828, 33.354576369047315, 28.93073956795105, 31.107866887837428, 31.619831561585244, 29.990557517224214, 30.495586973594936, 31.459394622395116, 32.478321536704456, 32.477661910416785, 31.749635846775135, 31.27268365078281, 31.251258982892526, 33.07839367544865, 30.447305873469954, 31.273042349149865, 32.0824207516434, 30.990268610211984, 35.335269389340795, 29.144141027036106, 31.341226591731896, 30.06531316006911, 30.939576624942998, 32.59257100080485, 33.51555195534473, 31.437985941627186, 30.419523822222754], "final_eval_returns": [22.761994078451124, 28.718719042516117, 26.33818957461735, 25.147247586909117, 28.712607788177372, 25.130109927178395, 22.76193785025446, 25.121394804801156, 33.45781054637188, 27.485663755131977, 21.55622248226538, 25.1452448648516, 44.05513752399952, 44.076141806703845, 35.84023261294599, 25.147312578786902, 22.73222476211044, 27.51208404212452, 36.9754258287693, 25.137052276438485, 22.761157982113943, 25.113725234901406, 25.146209922416787, 23.95389240620338, 33.459774666160655, 21.568807786155443, 22.73986281448239, 35.796301007281784, 27.526001222419296, 35.76340578544638, 28.67725193375566, 21.568127868792125, 21.56796354269581, 39.311510810349986, 23.954781632939678, 23.954410613595513, 46.411280383097754, 34.62945053480591, 54.62585600790201, 33.45385434203968, 41.709086525452925, 26.336400665727833, 26.33579497127839, 41.671568204268965, 29.875214276316072, 25.146562683232172, 29.901830668461333, 22.761552144746968, 25.146698167332048, 37.015483085127386], "final_eval_mean": 29.633931432458095, "final_eval_std": 7.603334460648363, "total_iterations": 488, "elapsed_seconds": 6052.044776916504}