{"algo": "PPO", "env_name": "InvertedPendulum-v4", "partial": true, "seed": 4, "hidden_dim": 64, "project_dim": null, "eval_iterations": [5, 10, 15, 20, 25, 30, 35, 40, 45, 50, 55, 60, 65, 70, 75, 80, 85, 90, 95, 100, 105, 110, 115, 120, 125, 130, 135, 140, 145, 150, 155, 160, 165, 170, 175, 180, 185, 190, 195, 200, 205, 210, 215, 220, 225, 230, 235, 240, 245, 250, 255, 260, 265, 270, 275, 280, 285, 290, 295, 300, 305, 310, 315, 320, 325, 330, 335, 340, 345, 350, 355, 360, 365, 370, 375, 380, 385, 390, 395, 400, 405, 410, 415, 420, 425, 430, 435, 440, 445, 450, 455, 460, 465, 470, 475, 480, 485], "eval_means": [26.46086111549367, 31.05342225526013, 30.96018788352671, 31.095002606578614, 33.48288484890638, 31.82690064171768, 32.27875786959089, 31.560975654034173, 29.86223373324604, 30.792884439643498, 31.15072504596369, 32.10630340056007, 32.18075496296874, 31.77828305634314, 33.43704603837682, 34.139672676834735, 31.640208200289734, 32.79218355991911, 30.872637848251443, 31.56984116733673, 33.12931337224269, 32.093758772903556, 32.56971697789284, 33.126892204330595, 34.44732206145476, 31.420322094010686, 31.297976680528805, 30.790691277886058, 32.084161425731544, 31.388091388922575, 34.867992785110594, 32.28155666152923, 31.68420186476945, 31.58559811317657, 32.01822059661574, 32.453572485809694, 31.784323139206748, 32.83848327014105, 32.02199969337338, 33.196390900390355, 34.274564490345895, 30.78997955862443, 31.682580300909454, 31.656927373412724, 33.64463147629453, 32.66555048671833, 33.627594376261534, 33.07226157958781, 32.90031529253225, 32.015219134355426, 34.389342663015995, 33.289560858353624, 33.47535004760567, 33.49320040429316, 32.93970459054533, 33.51703473303328, 33.784022936296786, 30.832014050361284, 30.255667217067636, 32.24350128883946, 32.96197090170932, 31.97601467186775, 32.191562194444195, 31.664507479148806, 34.17622605092518, 33.4790862384284, 32.06446493767179, 31.302383255540605, 33.5388424743438, 33.940398972166186, 33.48824579287446, 33.946963164968835, 30.8832793853138, 35.07321910934676, 32.842857812339346, 33.515019704612016, 31.9851151569584, 32.03084102665802, 33.99604209358217, 34.13665444155728, 32.31804969402757, 34.23112683762405, 34.80136830615989, 33.57657396804837, 33.860858601663956, 31.344328908653733, 31.679862768479516, 30.645189736012913, 32.77762823148067, 31.892447372132118, 30.960422854014787, 33.11784119984356, 31.006308750216295, 32.421865059488674, 33.07084923414562, 32.51869504407791, 30.96349836680236], "final_eval_returns": [25.154719686403762, 28.749477275895728, 28.77252795153391, 25.181153354069785, 25.154786812129533, 22.775346496848293, 27.57101910416291, 22.758998261139713, 27.552414351725268, 34.73779386844171, 23.966354358650477, 25.175308284118753, 28.7617976925259, 22.777204910958616, 31.1454613014144, 25.176152104306137, 38.33256434098253, 31.14573244174378, 25.154640547209322, 22.759112064070013, 23.97493738002613, 37.13503329741949, 25.15889239076628, 35.936062677635924, 27.574252864808603, 50.312304756586926, 31.152998875021726, 26.35378035845006, 29.955045484161907, 25.178333166195983, 23.97082905941736, 41.93350985026995, 27.575145762337115, 29.95056824658135, 34.738905666704234, 29.951113223603745, 25.155034374862897, 22.774755269198675, 49.106210176405895, 57.49949075714091, 31.14656231809773, 37.140908290400354, 31.1476889206678, 28.766075521155425, 22.761740592574487, 25.156197154737566, 26.37929506358735, 32.35098806940305, 35.93630884906797, 40.72701389174897], "final_eval_mean": 30.19405095034733, "final_eval_std": 7.484881929130908, "total_iterations": 488, "elapsed_seconds": 5789.296617031097}