{"algo": "PPO", "env_name": "InvertedPendulum-v4", "partial": true, "seed": 2, "hidden_dim": 12, "project_dim": 2, "eval_iterations": [5, 10, 15, 20, 25, 30, 35, 40, 45, 50, 55, 60, 65, 70, 75, 80, 85, 90, 95, 100, 105, 110, 115, 120, 125, 130, 135, 140, 145, 150, 155, 160, 165, 170, 175, 180, 185, 190, 195, 200, 205, 210, 215, 220, 225, 230, 235, 240, 245, 250, 255, 260, 265, 270, 275, 280, 285, 290, 295, 300, 305, 310, 315, 320, 325, 330, 335, 340, 345, 350, 355, 360, 365, 370, 375, 380, 385, 390, 395, 400, 405, 410, 415, 420, 425, 430, 435, 440, 445, 450, 455, 460, 465, 470, 475, 480, 485], "eval_means": [19.768806269638834, 31.701379300110638, 24.229264186738366, 24.486983604258015, 24.73797530071521, 24.452728222663268, 23.909752218418195, 25.21931055129825, 24.391199926648554, 22.567755471876627, 23.851288598656694, 30.675675522031515, 27.091900556824157, 26.050687063459094, 30.511537737768773, 31.868500721603503, 31.3321528763356, 29.44027507094773, 31.421919457353475, 31.357590199781882, 30.356706580355805, 27.9887188274863, 29.76707070140445, 27.010534739222912, 30.836468709134373, 26.954640908330866, 28.631583660245497, 27.533569447248528, 28.92460303185466, 30.651377006853046, 32.49193401416565, 29.744544364938726, 30.61484767668558, 31.946273654268907, 30.938350349563258, 27.06280829485968, 29.58765207861588, 31.579978500123307, 32.75144406320664, 32.90880604066726, 28.99251853515996, 30.162684604612735, 30.896132740365307, 32.994378155535216, 31.848721887391516, 33.05780745655804, 31.189148478401293, 30.8588326637207, 34.58292770912645, 31.425851130414966, 32.975753189079136, 28.885806618489724, 28.681324766631942, 32.022896745092396, 30.862857597007146, 31.709692763174903, 33.164210076674436, 31.495379825863015, 31.12459017853527, 29.73464225840853, 31.085427326294138, 34.29812250168559, 32.42923432295399, 30.948688567553496, 32.718093363944384, 32.480286135877044, 31.474563301604007, 30.658276068120173, 30.29823633752867, 31.80941212354649, 29.55675971963197, 31.13729844733267, 31.475346903678883, 30.46753723284967, 31.45589806815333, 30.667057638200145, 30.932476564622757, 35.60963255595452, 32.155115997400586, 31.86986334356948, 32.227645625600935, 33.16505145384604, 32.588740338097196, 32.13450843083082, 31.63406910527499, 34.151329210214115, 31.77547612856751, 32.977042108940346, 33.887448863848, 30.86808275681264, 32.23650750863848, 31.420473969049837, 31.590300879329416, 31.29891314087198, 31.802940124345294, 36.09792205131354, 31.515567063633668], "final_eval_returns": [29.975923885566957, 22.7813894664534, 38.37536754212328, 32.38232271580813, 27.58136285334131, 35.977919847691936, 32.37541791315399, 29.980914795870188, 38.37782475749524, 27.580821884860253, 32.37653836246899, 25.177993903585193, 34.77783159272097, 31.181686298205467, 33.573638481106094, 34.77931114470146, 25.18325653365329, 32.37541442511459, 22.784862743011384, 29.981368118804834, 35.976192494071526, 49.17220006453401, 31.18169997673647, 45.57562538441098, 25.178203166236266, 27.582175989338584, 29.978167794538663, 31.178621830272903, 21.583498018272763, 32.376014003888635, 21.58440023653988, 44.376279628554165, 35.97848692011944, 29.977372472994226, 27.577489706114356, 32.37337493897592, 26.382699923922374, 44.37364662099195, 29.982157034965184, 35.97863842216078, 26.37780064582028, 26.37657788811177, 38.378262512843826, 23.98341073385498, 25.17948244513465, 25.17764147065513, 28.77866384275644, 27.57861747009027, 44.3696507103747, 28.78065778887611], "final_eval_mean": 31.418577548037888, "final_eval_std": 6.401739254247694, "total_iterations": 488, "elapsed_seconds": 6037.126756429672}