{"algo": "PPO", "env_name": "InvertedPendulum-v4", "partial": true, "seed": 1, "hidden_dim": 64, "project_dim": null, "eval_iterations": [5, 10, 15, 20, 25, 30, 35, 40, 45, 50, 55, 60, 65, 70, 75, 80, 85, 90, 95, 100, 105, 110, 115, 120, 125, 130, 135, 140, 145, 150, 155, 160, 165, 170, 175, 180, 185, 190, 195, 200, 205, 210, 215, 220, 225, 230, 235, 240, 245, 250, 255, 260, 265, 270, 275, 280, 285, 290, 295, 300, 305, 310, 315, 320, 325, 330, 335, 340, 345, 350, 355, 360, 365, 370, 375, 380, 385, 390, 395, 400, 405, 410, 415, 420, 425, 430, 435, 440, 445, 450, 455, 460, 465, 470, 475, 480, 485], "eval_means": [28.221236699098554, 31.255070674197345, 31.050973677148086, 30.651051788644963, 31.59466633112033, 30.268723394962464, 31.327278987036852, 31.632561563967446, 31.167191589546384, 31.385260429427163, 31.623119236048225, 30.635201312199104, 32.232654604113854, 31.965260760710404, 32.18317389485019, 31.728415830553033, 33.49295696322368, 32.51351853319955, 31.382433892972916, 34.85557946113586, 33.12789266542156, 33.367007250817366, 34.678298653157114, 31.468732757965668, 33.17964761265592, 31.6708190381096, 33.29497805349872, 30.965867682202735, 30.594971062665547, 33.64872540549513, 32.626803899187706, 32.46801800608113, 32.30086270127892, 32.421989137696194, 33.20238711856687, 31.482458052649815, 32.8499807515532, 33.38781221764072, 32.527486410732315, 33.80810002168882, 34.2873874797469, 32.63759119081558, 32.7748429253219, 35.30892315908514, 34.09445116953326, 34.81606055712847, 33.49441317938009, 32.47393771170496, 33.38891700299929, 34.03412030220215, 33.47821153993738, 34.07011185830058, 32.63105556710021, 31.09989200307513, 32.98560938938113, 33.70410604527932, 33.41823395416425, 32.34336010895482, 34.08085964549398, 31.65241371426583, 34.539162667814864, 35.089836165870615, 33.73556016233249, 32.35743133946473, 31.496110468820124, 32.45247296593882, 33.43027825865461, 34.11804848508124, 32.545475115383645, 35.13006959394673, 33.197389281125524, 32.62478510237613, 32.080871134018444, 32.8697826555327, 31.98869993437522, 32.146876819519804, 33.65028027330147, 33.145612005907665, 32.20259719890257, 32.46575177133586, 32.49542900019031, 32.012090131477834, 32.987095147516996, 33.77720026825579, 31.559461516915313, 31.132445777492812, 34.29336385734321, 32.659932352979496, 34.43013579135282, 30.029341556442677, 33.37954455486327, 30.557910816753978, 33.16303180664973, 32.796139487489924, 33.20223263323371, 31.882049711023893, 31.525294736514162], "final_eval_returns": [22.777661938397713, 29.967907327585273, 27.569288311991972, 25.175540680111496, 29.94990840130605, 25.142269512658928, 22.770199048659855, 25.13251028467193, 35.95023984831455, 27.513405231183416, 21.55464575397766, 25.170956642738183, 45.46490803850321, 47.91881946510551, 33.5672943287539, 26.3741912362271, 21.53926671311249, 27.54088350586178, 37.09881691663678, 25.14925722331173, 22.776403185858186, 25.126612246546543, 25.175012655134953, 25.17533941940314, 32.34855786469275, 21.57380303735916, 21.546594659337742, 35.90542814142953, 27.562538763279527, 35.87154725053153, 28.713698708455954, 20.374991048664025, 21.576352641022122, 38.267817607080524, 23.97121856124213, 25.17533017054788, 50.24009402935887, 35.923518283044366, 53.77552454118989, 33.53563952567123, 43.09970766492378, 26.366018353208663, 26.36166561405791, 44.24085521428863, 29.92238031973517, 26.371705613391054, 32.35964772667955, 22.773364485462867, 25.16989629954011, 46.752360065621644], "final_eval_mean": 30.22723188211738, "final_eval_std": 8.354076835835139, "total_iterations": 488, "elapsed_seconds": 5734.392394542694}