{"algo": "PPO", "env_name": "InvertedPendulum-v4", "partial": true, "seed": 3, "hidden_dim": 12, "project_dim": 2, "eval_iterations": [5, 10, 15, 20, 25, 30, 35, 40, 45, 50, 55, 60, 65, 70, 75, 80, 85, 90, 95, 100, 105, 110, 115, 120, 125, 130, 135, 140, 145, 150, 155, 160, 165, 170, 175, 180, 185, 190, 195, 200, 205, 210, 215, 220, 225, 230, 235, 240, 245, 250, 255, 260, 265, 270, 275, 280, 285, 290, 295, 300, 305, 310, 315, 320, 325, 330, 335, 340, 345, 350, 355, 360, 365, 370, 375, 380, 385, 390, 395, 400, 405, 410, 415, 420, 425, 430, 435, 440, 445, 450, 455, 460, 465, 470, 475, 480, 485], "eval_means": [12.724515334062348, 13.777100910254683, 14.830796990944036, 16.149694583370046, 17.589150608317343, 19.3145350910993, 21.23980779000824, 25.114231065066143, 28.61924493351203, 29.78873182042704, 32.92541941781097, 34.093593923537966, 30.069585069786616, 29.250419057264395, 28.356521097619403, 29.238918223234656, 27.805889210995534, 27.15423951625418, 29.175647049052102, 28.672948643442346, 27.851820678230737, 27.574233927284308, 28.847261441831716, 28.31509712394549, 29.578077625113647, 29.388739851635737, 29.025192593189693, 28.529508494647118, 29.126971736666817, 29.925691502449954, 30.548833166711034, 30.28048174158599, 29.461672905532065, 31.126332947054003, 30.316743011329077, 27.7952697445057, 31.770746679397092, 29.041904011927024, 31.371419942483893, 29.544393349426365, 30.44657426165582, 28.961613294646668, 28.195057124136127, 28.126320452893697, 30.219758653255575, 29.022930729083196, 28.775524288233544, 29.449277882545665, 27.50680663248222, 29.949874874893645, 28.83088866454286, 29.671778477686402, 29.289601152720735, 28.95721420328528, 29.943094970255334, 32.238751899836274, 30.50966678753835, 28.949762032739226, 31.03709342927571, 29.5526949034072, 29.888759346490993, 29.3638320626287, 27.780372116030644, 30.298906484913715, 28.739163590119524, 32.86476750632017, 29.36560206451153, 32.79174243400495, 28.449578574912255, 29.23899756659553, 28.591698320241125, 29.00126998792449, 30.56186247867588, 29.173942675477303, 32.48332811317324, 30.662591600722617, 32.12532315919911, 29.05413320809574, 31.502233203496633, 31.71764686350988, 29.102587867994743, 30.756225664315707, 32.65130100267373, 29.967959357977605, 30.519310109981916, 30.783694685968886, 30.23105131720073, 29.871150525594174, 29.991452395819223, 30.255535490629203, 29.657215641361425, 31.287412998577906, 28.88891275401493, 29.464876332881285, 32.726269495543654, 30.54457311367807, 31.024315473022643], "final_eval_returns": [25.17402919120998, 33.564217950566345, 33.56600533750796, 23.97454844934885, 28.769854561592, 23.973341171035862, 27.572256740733465, 22.775000291812123, 25.17444053640041, 39.56030210944978, 32.36754871082548, 25.174698928816724, 37.16138036010065, 21.577971333596256, 25.17400116336592, 35.96208151402972, 29.9688765974714, 23.97417122545141, 26.37514914849826, 40.755570627908355, 29.96674234217084, 29.968545338397995, 38.36386281092099, 52.74714995689676, 28.771056544035858, 35.9653076863373, 25.173524668922667, 22.776203786411752, 27.571256598524343, 23.97462205349474, 33.56870257536599, 34.762746820826635, 26.37299792500042, 23.974570253221714, 21.57724168491935, 28.771026616125567, 25.174756526797506, 33.56826436260734, 40.76021434858785, 22.775616332763178, 41.959998671390956, 25.173934508898117, 20.377220067110773, 28.770477868175586, 35.96261831782308, 20.37727514250397, 27.5704635097776, 22.77634040619798, 23.975175726557953, 23.973469732976852], "final_eval_mean": 29.20193658266925, "final_eval_std": 6.725536631298109, "total_iterations": 488, "elapsed_seconds": 6043.799976348877}