{"algo": "PPO", "env_name": "InvertedPendulum-v4", "partial": true, "seed": 0, "hidden_dim": 12, "project_dim": 2, "eval_iterations": [5, 10, 15, 20, 25, 30, 35, 40, 45, 50, 55, 60, 65, 70, 75, 80, 85, 90, 95, 100, 105, 110, 115, 120, 125, 130, 135, 140, 145, 150, 155, 160, 165, 170, 175, 180, 185, 190, 195, 200, 205, 210, 215, 220, 225, 230, 235, 240, 245, 250, 255, 260, 265, 270, 275, 280, 285, 290, 295, 300, 305, 310, 315, 320, 325, 330, 335, 340, 345, 350, 355, 360, 365, 370, 375, 380, 385, 390, 395, 400, 405, 410, 415, 420, 425, 430, 435, 440, 445, 450, 455, 460, 465, 470, 475, 480, 485], "eval_means": [17.51018491366103, 19.119069750625105, 25.484001241037937, 28.431147073960197, 30.9680028747449, 30.39112651110026, 30.206178458559222, 31.59879677133042, 31.648939156064547, 29.17395144485677, 32.74970458395745, 31.43296598717222, 30.541956550597902, 30.5914198455394, 30.27953439384172, 31.310436826721535, 29.030624071551216, 31.432114609692327, 32.366619633632716, 32.969925903892566, 30.884594891049293, 31.699304633746806, 29.05994405071575, 31.84428404957688, 33.095317278616506, 30.76385571712315, 30.110691623988895, 29.901455135698185, 33.91611752181559, 29.28104655036876, 28.817108797747437, 31.854355296611466, 35.21043043999299, 31.29959103424193, 30.220433654907783, 31.39576741970201, 31.9272838778509, 29.927805198635436, 29.162749577829796, 31.086982115935097, 31.37434027770904, 29.66377813414842, 31.447493562958453, 33.25049105586328, 33.41161865601586, 32.09367426821961, 33.26609943248749, 29.48193528056778, 32.81141188567133, 30.653721476536145, 32.9802714753491, 31.135795685673198, 31.471439848210817, 30.679169666371703, 30.318737273830195, 31.61341465374648, 31.632217545213585, 31.535994019059764, 30.191788333671266, 32.88432080357982, 30.727821287285472, 31.70892821276582, 32.42948063672655, 31.951291355831884, 32.47764565866879, 30.605610422628637, 31.30068087828066, 30.845512572610392, 31.516448425883542, 31.229394069491747, 32.190000085946465, 34.65867210164077, 34.25128760044876, 30.175027732780357, 32.16206504316841, 31.369136999662373, 29.73756454121065, 31.31748911203926, 32.20282314187568, 31.291497541649, 32.27664070348022, 33.49968272042695, 32.66132772142942, 31.032781810815337, 30.744906488812305, 32.16128640101938, 32.45069624964081, 32.425785848122885, 31.9924163873173, 32.59246440912351, 32.11439246192683, 32.09038841870045, 31.324241043726246, 31.780103013501638, 30.0061969592982, 30.988744736164254, 30.893135918118443], "final_eval_returns": [27.580861970945506, 32.3780928609659, 34.7776489188102, 25.186033413622585, 21.58711965753842, 32.38368806709903, 33.579563018354904, 27.588070468453527, 22.79180765117628, 35.978115587484226, 25.19010055588544, 33.57899777242154, 41.96410813790063, 40.77245824085345, 23.99088200305512, 23.991220454493373, 39.564680994314834, 39.56651646784325, 41.96404707089171, 29.981901896541817, 38.37272479142631, 28.781277808436705, 27.580978518903386, 27.587969920919534, 35.978779322932155, 23.984127956402922, 37.17751332930845, 51.54922937302617, 35.97843872826042, 26.383901035522726, 34.779029026772534, 38.372099293961554, 41.970627310400076, 20.392878589802955, 35.96934164627705, 22.78579047773048, 32.383105967842155, 21.592508081569548, 27.58808276087159, 26.388945246397135, 25.189526619852938, 33.57900365707865, 44.36213338575737, 33.579618031954354, 50.35582248825423, 31.184784900294193, 26.38828586849676, 35.97691869062453, 22.79223791853078, 35.97128286700041], "final_eval_mean": 32.1874575764652, "final_eval_std": 7.393273840500086, "total_iterations": 488, "elapsed_seconds": 6109.410115718842}