{"algo": "PPO", "env_name": "InvertedPendulum-v4", "partial": true, "seed": 2, "hidden_dim": 64, "project_dim": null, "eval_iterations": [5, 10, 15, 20, 25, 30, 35, 40, 45, 50, 55, 60, 65, 70, 75, 80, 85, 90, 95, 100, 105, 110, 115, 120, 125, 130, 135, 140, 145, 150, 155, 160, 165, 170, 175, 180, 185, 190, 195, 200, 205, 210, 215, 220, 225, 230, 235, 240, 245, 250, 255, 260, 265, 270, 275, 280, 285, 290, 295, 300, 305, 310, 315, 320, 325, 330, 335, 340, 345, 350, 355, 360, 365, 370, 375, 380, 385, 390, 395, 400, 405, 410, 415, 420, 425, 430, 435, 440, 445, 450, 455, 460, 465, 470, 475, 480, 485], "eval_means": [29.124679920514993, 29.585023728194436, 31.299795118674865, 29.81965288129056, 29.265856654144013, 31.920743019629825, 31.05299941956894, 31.56563159448288, 31.77441893577002, 32.088570366330835, 31.60490006860695, 30.310890190171598, 30.312466235034098, 32.47255327956943, 30.85891035168882, 32.01082310955512, 30.089633083962795, 32.536532820015516, 31.381101071873033, 32.368185794407566, 31.838152601154892, 30.396586545811914, 32.50581200445139, 28.429399460058747, 30.563710220515926, 29.67827144766092, 30.467205225162385, 28.997909198965473, 30.189956377898067, 33.22892232643203, 32.919174979672604, 30.336946472161788, 31.321678030640737, 31.489803264900846, 33.933579154247774, 30.82274226236999, 33.7480362611284, 32.26611551779778, 32.242882586085464, 32.00303081622496, 29.797709228872858, 31.830028081388935, 31.142881530979395, 34.297895743988015, 34.80184158801434, 32.50226993825047, 31.400519079498334, 33.53052168303496, 33.50370283789308, 33.76531923274682, 33.50248060378387, 30.89489148264537, 30.825316692520833, 32.71850751391525, 32.338134731878924, 33.05234408050894, 34.05372165297013, 31.54020859249264, 31.97254295203629, 31.44622838669673, 32.977494675950474, 33.16715358950192, 34.46085542457756, 31.51582584628956, 33.65988783686172, 31.86021542388491, 32.48622402371202, 32.03358117913118, 32.032639745122125, 31.078178349193035, 32.882567208896475, 31.564026357665835, 32.85074254368143, 31.62873264943963, 31.321331891820634, 34.00465209399189, 32.041161264374686, 32.65831392354022, 33.80838604401717, 32.80313311428485, 32.53747787846082, 30.98124246927565, 31.025750039451715, 32.89850551105057, 34.04618747296152, 32.05836523515706, 34.523206704179636, 34.622377379593566, 32.845269219182825, 31.12401568145455, 29.92762475896015, 34.63980574202278, 33.057907744993706, 30.49446421568062, 30.903057361989216, 34.27496118921305, 32.650306599718675], "final_eval_returns": [33.52767960586391, 28.742444536136524, 25.151389924816876, 27.55824529291132, 23.961879020609704, 32.33570284565736, 23.951827894576645, 27.562239043838456, 26.352932182585544, 32.34376730601311, 31.134909135996136, 35.92182402723716, 45.498491149137834, 29.954219129572728, 23.950810136827528, 41.91189617031574, 23.97381753447572, 29.936699025930228, 22.777326872062442, 25.165007032935183, 29.939030955880003, 27.544870361528282, 28.758483323411653, 29.943560567938512, 45.49575589712433, 38.320350345346526, 34.726302494033135, 34.72737678823566, 23.973679798122586, 31.134624260257493, 21.58115638299278, 37.12836025734169, 26.353181213634013, 22.757718046498873, 39.51132315164295, 28.73820513801129, 23.972340944933922, 26.34913945155854, 25.160733691491007, 26.354621751684647, 21.558506891688282, 21.556571542016464, 32.34633627441655, 25.171372714279013, 38.31635781181664, 40.708305715746285, 22.758911519044325, 50.28257333059394, 25.14700758970558, 29.954432661801214], "final_eval_mean": 30.03968597480553, "final_eval_std": 6.81353101562822, "total_iterations": 488, "elapsed_seconds": 5679.06249833107}