{"algo": "PPO", "env_name": "InvertedPendulum-v4", "partial": true, "seed": 3, "hidden_dim": 64, "project_dim": null, "eval_iterations": [5, 10, 15, 20, 25, 30, 35, 40, 45, 50, 55, 60, 65, 70, 75, 80, 85, 90, 95, 100, 105, 110, 115, 120, 125, 130, 135, 140, 145, 150, 155, 160, 165, 170, 175, 180, 185, 190, 195, 200, 205, 210, 215, 220, 225, 230, 235, 240, 245, 250, 255, 260, 265, 270, 275, 280, 285, 290, 295, 300, 305, 310, 315, 320, 325, 330, 335, 340, 345, 350, 355, 360, 365, 370, 375, 380, 385, 390, 395, 400, 405, 410, 415, 420, 425, 430, 435, 440, 445, 450, 455, 460, 465, 470, 475, 480, 485], "eval_means": [30.862510716857006, 29.575121733251223, 29.724240938576067, 31.63470907605848, 30.190937618726572, 30.264938150355853, 31.501719821514584, 31.549792781378827, 32.60363635722915, 31.45511060336772, 33.5898860878324, 32.704447924696844, 34.52677376658901, 32.866244402045886, 30.34366380615405, 30.748276438783854, 30.848298115870353, 32.04316681604854, 32.32118643976395, 34.08966741836366, 30.75117940875836, 32.39110782073901, 31.890334322442445, 31.405180115317993, 31.961804215067318, 32.82332791929357, 32.00795804834442, 32.93143251423728, 31.662785754942075, 32.38136819539838, 32.09293588759641, 31.161869682055848, 31.779259580556204, 33.75243898640011, 31.121734386680174, 32.2225520963944, 30.28075474165421, 32.24686395019839, 33.711938482708106, 32.8472246022972, 30.31474499820142, 31.870585451141213, 32.89605048494747, 29.98849320489666, 30.687691292366758, 34.35300098562189, 29.420538518301488, 33.394469279200194, 30.731368792930834, 33.22331742851664, 30.8977062064305, 30.586473762411742, 30.941140254594025, 31.985451490952126, 30.739119107961866, 32.17934215751966, 32.823067375036864, 30.81357741052874, 30.4538984122781, 36.45630868268606, 32.24926873716764, 33.18085316514674, 33.751012621101616, 34.236334004937845, 33.34836462380654, 31.96265315707036, 31.266209926613246, 32.250440995584775, 31.57720373453654, 32.98909163332254, 33.3736386389105, 33.040144317745124, 32.13279197409446, 30.746477046504637, 31.46142975443586, 32.89671237654706, 32.89834744988917, 35.07414818930903, 32.1074463477905, 32.873971519532276, 33.07072306064407, 33.405981495092945, 32.09308308531599, 31.495484244175113, 34.538054237468934, 32.86358458407427, 33.2017597345143, 32.07585144740846, 32.26650393407303, 32.60342896007781, 33.850138614375005, 30.930036663610473, 33.278064149578114, 31.02611348437459, 32.12763455955492, 34.09235167475422, 31.09856508062683], "final_eval_returns": [22.788648762774134, 40.7571743463753, 31.169223220123186, 21.587925267077352, 26.38144438821839, 35.948793447404, 52.73377228979417, 28.76757209946632, 22.789567025273655, 29.973907684220617, 33.56703477608367, 35.96081932545874, 33.570723343531526, 25.184394706400635, 38.351764709831365, 27.569444408910048, 34.75846470194606, 35.95145387997495, 22.78917493383148, 40.75444266921667, 37.161382981923886, 32.36175387319824, 26.38116122139418, 27.57772258912243, 43.14952954773319, 27.58222265333275, 40.74511940341437, 27.575734186127303, 25.18358948822633, 22.78702590381649, 25.183402785422167, 39.55928417529443, 68.3088355076803, 21.587848184444464, 27.57358988071444, 45.544939563391914, 22.790186841110657, 26.38354277707697, 28.78037302742463, 21.587780322751037, 27.581411480814378, 31.173554278352757, 25.17394626720989, 25.18525430656333, 31.17306167514692, 26.371535080399997, 35.965126204848325, 27.576015807011732, 31.16686524957007, 43.13496323890782], "final_eval_mean": 31.673250089766753, "final_eval_std": 8.805381326174148, "total_iterations": 488, "elapsed_seconds": 5800.955810546875}