{"algo": "PPO", "env_name": "InvertedPendulum-v4", "partial": true, "seed": 0, "hidden_dim": 64, "project_dim": null, "eval_iterations": [5, 10, 15, 20, 25, 30, 35, 40, 45, 50, 55, 60, 65, 70, 75, 80, 85, 90, 95, 100, 105, 110, 115, 120, 125, 130, 135, 140, 145, 150, 155, 160, 165, 170, 175, 180, 185, 190, 195, 200, 205, 210, 215, 220, 225, 230, 235, 240, 245, 250, 255, 260, 265, 270, 275, 280, 285, 290, 295, 300, 305, 310, 315, 320, 325, 330, 335, 340, 345, 350, 355, 360, 365, 370, 375, 380, 385, 390, 395, 400, 405, 410, 415, 420, 425, 430, 435, 440, 445, 450, 455, 460, 465, 470, 475, 480, 485], "eval_means": [28.61687394220559, 29.81831727270323, 30.825304451233773, 33.57986145741666, 32.63598455919065, 31.598412701167586, 31.86529894147601, 32.066320759910475, 33.675617105556796, 31.301243030024008, 32.964044960048135, 32.604669208038665, 34.760732344778226, 31.30794174020723, 32.02616265606075, 31.231205097211333, 30.656772043545445, 31.616625049024673, 31.70682663758665, 34.322771652142485, 32.23909469837404, 32.2145916683455, 31.78440088890896, 31.97537339906723, 34.71223682140878, 32.76587830619296, 33.96543025032839, 30.845945234493875, 33.890319335710316, 34.89813657265623, 33.86669268120315, 33.21876091182774, 34.36679378529822, 33.522626632082556, 32.8720835659526, 32.82463904932246, 32.89499903817407, 32.3216270582326, 31.89086588277959, 34.30584600722468, 32.12691455674213, 34.90374985779221, 32.318111047648074, 32.961961489890086, 33.02889958933118, 33.10851332907395, 34.32769361880755, 32.193369480191016, 34.02016418914762, 33.58787115914398, 33.08610205982016, 31.596441254397227, 32.57281971877758, 30.964299634759087, 31.47536227581203, 31.34155640805413, 33.048395398511225, 32.00015164064464, 32.25378898712316, 34.20385988494792, 32.42709586376704, 32.949613677008806, 31.985881187744013, 31.963232958344584, 32.05948402885832, 32.30543299058815, 33.6916985774275, 31.58591887210844, 32.260380245774456, 32.591891297454424, 35.27621585428511, 33.47185098869278, 32.489749027455886, 32.949257153356484, 33.28687742139648, 31.742695415201805, 32.129287256456934, 32.892689347016564, 32.55539373514453, 32.62376107348698, 34.45904154125556, 33.8562418359999, 31.294244378744366, 35.70575265300468, 32.54030228100917, 32.32469652635906, 31.94510160091223, 33.358226831289684, 31.75058969822755, 32.25592822956454, 35.869490465389035, 32.686463824996345, 34.40740267027182, 32.764520100319835, 34.887496300134245, 34.0240676942693, 33.8389484443033], "final_eval_returns": [43.06666994266773, 55.05850563936907, 25.18460068444296, 28.751891397037095, 27.530830012621436, 40.78316243524603, 26.388471315578432, 38.360077296285816, 28.77765755307142, 26.364123797903147, 33.5866053988049, 31.171239443750267, 34.72460952002788, 33.58071466329072, 31.18133878679455, 27.585028076464972, 26.329258241248656, 31.127470911145014, 35.922605437796214, 33.546554589377145, 28.783635841339937, 44.28120263724006, 38.28406928598622, 35.961110497482125, 49.142665245115516, 38.28206266334612, 35.97673286047238, 26.33597424581824, 26.366044277580087, 33.521436660583866, 34.752086112730574, 27.54442509555338, 34.77446961609809, 26.379423676074712, 27.525156453549258, 31.113866615899195, 28.771188264024143, 26.38664615948047, 39.55766358014438, 49.134671663018715, 40.73015353429746, 31.168709593782065, 44.31141730770156, 26.388173522998457, 56.29813655875626, 38.36244797064834, 33.551485535899026, 33.54833052215619, 25.186130875843347, 31.120939210833917], "final_eval_mean": 34.05123742454755, "final_eval_std": 7.550691820854591, "total_iterations": 488, "elapsed_seconds": 5710.680759906769}