{"algo": "PPO", "env_name": "InvertedPendulum-v4", "partial": true, "seed": 4, "hidden_dim": 12, "project_dim": 2, "eval_iterations": [5, 10, 15, 20, 25, 30, 35, 40, 45, 50, 55, 60, 65, 70, 75, 80, 85, 90, 95, 100, 105, 110, 115, 120, 125, 130, 135, 140, 145, 150, 155, 160, 165, 170, 175, 180, 185, 190, 195, 200, 205, 210, 215, 220, 225, 230, 235, 240, 245, 250, 255, 260, 265, 270, 275, 280, 285, 290, 295, 300, 305, 310, 315, 320, 325, 330, 335, 340, 345, 350, 355, 360, 365, 370, 375, 380, 385, 390, 395, 400, 405, 410, 415, 420, 425, 430, 435, 440, 445, 450, 455, 460, 465, 470, 475, 480, 485], "eval_means": [16.675484320040397, 19.121078450420658, 20.415736849140075, 23.13877610851983, 25.918429537146675, 26.130664539363192, 30.82380956527863, 30.34292616339457, 28.590696838220374, 29.851618799044864, 30.205694875698484, 30.066458549324217, 31.23067205800855, 29.202848762180725, 31.86297255572531, 30.814292113230348, 31.60578779620074, 30.838343546168694, 28.736756433152163, 30.8483043781056, 32.09972527805944, 30.0895559322998, 29.61365166638451, 30.4972262833302, 32.156258588359236, 29.306497163552812, 31.777175182311417, 30.914421105747177, 29.502023805994135, 30.845038129009534, 32.0194977949618, 31.448310221649717, 29.016911222030334, 28.469287193457003, 30.466470438483753, 30.828195127984337, 31.01765742751713, 30.372356806532242, 31.645159184492297, 30.799025483676782, 31.813946167746177, 31.430446354404, 30.087204662385012, 28.671009137330067, 31.06743164914306, 31.324317363224537, 30.66061094663919, 32.096280199273686, 32.55160616907265, 29.412719434391647, 33.06204960306568, 34.43173552080604, 31.720205332184193, 31.193548340069714, 29.081254815677802, 29.462754400510498, 30.039632991105474, 31.958219102270846, 30.424372825799946, 33.66525552685684, 29.8735809851928, 33.92875544961069, 30.352092419507898, 29.579339739427084, 30.941163565582666, 33.50727347724784, 30.923062754646512, 30.059223118010394, 32.24255613199118, 29.77238624474445, 31.329837117562874, 31.189860745573277, 31.71695311833078, 31.018596029988625, 32.482710581148154, 30.4434309247432, 32.77170774732691, 30.853441758342072, 30.54092326899644, 31.092478472475747, 32.58234519899479, 29.776540519436036, 32.128541254683135, 31.431670375032432, 29.586102138288915, 30.569142896891393, 32.07938383509056, 31.119651854695498, 30.374926502279052, 33.61470235303382, 32.03066851507235, 33.13367300614843, 32.654759591559994, 31.190595261309358, 31.285592192984335, 30.829605673303185, 29.029883907828015], "final_eval_returns": [35.988823873400044, 29.990980074945675, 32.39088104164593, 23.99003783960269, 38.389433716353096, 20.38929284457952, 31.190324003965493, 34.78786536205946, 45.58697943197477, 27.592053193744896, 27.59043724038949, 22.789723049582108, 25.188868620553944, 21.58923515225456, 27.591485759461573, 22.789857578966966, 28.792960710986492, 21.59303820817551, 33.58943097699233, 33.58849754155063, 22.789098532325006, 38.390426701239434, 31.189930348671098, 23.99297611914313, 26.389353441084264, 38.38716791253124, 21.591479232770226, 41.987514316471604, 26.388444506004582, 26.39033318444527, 27.590307965583953, 23.99106503846108, 31.190950724688907, 26.38779714088397, 22.792781648144132, 26.38786667151022, 34.789363530809815, 20.389392926858154, 23.99195724754708, 29.992857148181027, 27.59113385424537, 44.38812037416588, 25.19371566445627, 25.189432758786115, 28.790238295407452, 43.18695468235944, 26.389630099618305, 41.98691751747079, 22.792853745959164, 26.393293251797626], "final_eval_mean": 29.246071216056116, "final_eval_std": 6.6409427461918575, "total_iterations": 488, "elapsed_seconds": 6119.6184005737305}