{"algo": "PPO", "env_name": "HalfCheetah-v4", "partial": true, "seed": 4, "hidden_dim": 64, "project_dim": null, "eval_iterations": [5, 10, 15, 20, 25, 30, 35, 40, 45, 50, 55, 60, 65, 70, 75, 80, 85, 90, 95, 100, 105, 110, 115, 120, 125, 130, 135, 140, 145, 150, 155, 160, 165, 170, 175, 180, 185, 190, 195, 200, 205, 210, 215, 220, 225, 230, 235, 240, 245, 250, 255, 260, 265, 270, 275, 280, 285, 290, 295, 300, 305, 310, 315, 320, 325, 330, 335, 340, 345, 350, 355, 360, 365, 370, 375, 380, 385, 390, 395, 400, 405, 410, 415, 420, 425, 430, 435, 440, 445, 450, 455, 460, 465, 470, 475, 480, 485], "eval_means": [-4.204662985505878, -6.052080895477336, -6.313824959143031, -10.099677630238997, -13.70273501075006, -18.120971142709394, -26.024347728002766, -34.97868600805666, -2.984570821484939, 5.039980051925713, 3.531912762126564, -1.551960129773683, 8.1906042105903, 1.4624835522991848, -0.7100702259339065, -5.320384654423712, -9.588263601999275, -10.172217538614284, -12.046857152547425, -16.346088819994232, -8.827185715750366, -9.712191120383245, -9.532849256135702, -17.891535444553835, -18.86321993003847, -13.84636105084089, -10.83273120383318, -12.509201131814432, -14.319741349338152, -14.308321608043595, -12.531602196595859, -20.385558197955632, -15.896958149658172, -30.035275610502403, -33.37333997391603, -38.049103668239766, -25.612602834817434, -26.983331890149554, -46.81601771235862, -49.332214064537176, -58.41815960343175, -42.565691045467936, -41.05465476811287, -45.724620994735396, -47.90357267836111, -34.05040592630084, -27.900227781372553, -53.39261346767934, -76.80548818048071, -50.14518364972663, -38.94473198030162, -43.46542849068988, 46.201407957079375, 139.93621923625548, 197.70315477212804, 247.92987825762532, 315.79731921028434, 271.8276883606218, 215.06325230185962, 271.623166703385, 391.18932280744247, 468.88790991050934, 301.24341380561293, 213.89936484534428, 532.8525730240123, 717.9675703823397, 649.4537196337773, 706.9716615259443, 659.1708514564219, 332.37610162125435, 711.7238481172357, 785.64064501656, 796.8387081039336, 808.727213996353, 828.0409196034453, 850.2989670655608, 865.1441539339413, 843.3609181368525, 846.0782856898087, 831.7298485678539, 850.4729265890818, 836.7788980654205, 853.0831849994304, 859.4249606300154, 848.6724962750076, 860.8767951804501, 855.5654783464333, 846.7252226712612, 860.8336679996358, 874.4116829039949, 866.8406991186265, 876.7075193260036, 877.73308436875, 882.9257259042392, 869.3663792845878, 879.5132638785477, 868.2900098865997], "final_eval_returns": [878.0283163243621, 901.4067788058824, 910.9534819145521, 741.289088965781, 846.1053160346589, 829.0381700281985, 897.8257820909834, 793.5618054211618, 935.0474147400028, 870.5026632034621, 885.3788435975143, 883.2984758372463, 871.2616536369193, 915.2995429221547, 806.5985324505652, 880.1242597692103, 833.2031322764415, 839.4539947862247, 881.9276188080962, 846.4570552105478, 831.7138617338082, 898.4316793518574, 933.3096770164868, 898.9571699562243, 924.9935491673468, 857.6512102306953, 772.4063275975456, 782.1496827613761, 935.4970754695585, 899.7012407407491, 864.4588275241721, 830.6071700068719, 840.9653160065868, 892.2055602061039, 833.0542669127842, 943.2625405260287, 812.4029760408041, 827.9451163114845, 806.9904051315863, 967.1700035839282, 795.5802672906517, 856.3731801226347, 962.5430224084847, 946.7444268229672, 766.16076906983, 824.9052047239499, 914.9240925635667, 794.1833547455155, 881.8823395696332, 776.8809814848228], "final_eval_mean": 862.4162644380403, "final_eval_std": 54.68506706319168, "total_iterations": 488, "elapsed_seconds": 8159.7153532505035}