{"algo": "PPO", "env_name": "HalfCheetah-v4", "partial": true, "seed": 1, "hidden_dim": 64, "project_dim": null, "eval_iterations": [5, 10, 15, 20, 25, 30, 35, 40, 45, 50, 55, 60, 65, 70, 75, 80, 85, 90, 95, 100, 105, 110, 115, 120, 125, 130, 135, 140, 145, 150, 155, 160, 165, 170, 175, 180, 185, 190, 195, 200, 205, 210, 215, 220, 225, 230, 235, 240, 245, 250, 255, 260, 265, 270, 275, 280, 285, 290, 295, 300, 305, 310, 315, 320, 325, 330, 335, 340, 345, 350, 355, 360, 365, 370, 375, 380, 385, 390, 395, 400, 405, 410, 415, 420, 425, 430, 435, 440, 445, 450, 455, 460, 465, 470, 475, 480, 485], "eval_means": [-1.9587383885226208, -3.578066236052128, -7.275947825620535, -12.084427586092133, -13.210338968368706, -16.150367851359995, -18.374390650094327, -22.901635234579476, -23.139591136935877, -28.713157023875336, -29.61776802916812, 0.6846248126838219, 8.789727324028828, -1.374025036203424, 11.658786820898886, 10.072354134480326, 8.824454330660506, 6.925327453101479, 10.140764278170728, 11.179752714813578, 11.13817559047701, 10.295210880079104, 10.101620758503275, 9.606278933829241, 10.185590275816175, 10.125907169700211, 9.64663184965314, 8.327335658712434, 8.359247882509987, 5.652766381949448, 7.0631249474023505, 4.461482500129799, 6.663458319557833, 4.859457535455868, 1.0387802613870927, 2.1183935089569124, 2.551568599256947, -0.9507517092064767, 1.6244327121464623, 0.43688472170777287, -4.143057031065198, -0.11375276337405371, 0.84061130382613, 4.527586438233723, 5.696015738236193, 5.481682022940272, 0.6486733690813069, 1.4210322560140538, -0.14107428895048055, 7.626222569902946, 65.1519350116046, 109.59457649061893, 258.16813037802933, 381.6494302743169, 396.3096956341487, 517.5363013368917, 487.00634576220995, 541.6273115806067, 582.8737162553422, 572.6612861939974, 613.1821486552172, 683.3006482354238, 740.6702693084934, 754.2136028765161, 763.7543968583149, 801.3631395614748, 806.9479343101345, 861.8084075011278, 892.9153050145662, 924.1541504179689, 947.2703553151418, 958.4994262956816, 974.036215296805, 926.5875198238173, 996.1727187014781, 980.7744824308295, 992.0361655500046, 1018.2905269907534, 1036.1495783570724, 1042.2095538393048, 1024.22579784948, 1050.9843596396595, 957.1697064245324, 932.3082341444454, 1017.7336273324736, 1005.9879349114796, 973.1695559163564, 938.1388014180378, 955.7947645660269, 983.3298450931673, 945.8626472394842, 860.5509243455006, 867.4519113476068, 916.3991304415412, 947.1606445770733, 893.4766937202662, 924.3995741492944], "final_eval_returns": [1075.0835289247252, 1115.9836710188185, 1191.943334739636, 1075.0001420489407, 1112.0536132146842, 1096.8255156237256, 1022.1592525998228, 1157.213383147061, 1093.0610560844407, 1063.5622148921975, 1116.9783668085684, 1085.1193677398792, 1029.9443754724307, 1067.0902058528882, 1078.798183059928, 1133.1928598130273, 1031.9921076314718, 1100.5966221395852, 1054.0952296835835, 684.2514657233565, 1148.1536289452583, -92.54214923511037, 333.83360818565603, 270.3158752340256, 1112.471184955678, 1096.3731869469718, 1078.5545053681913, 1102.9600135815137, 1096.200288087613, 711.3669125674842, 1121.8200558628102, 1120.518901231406, 1059.3504678642148, 1002.6012144811251, 1128.05167122497, 1099.9335455300493, 1063.899578993291, 1018.7413889236205, 1112.615921246714, 1109.6336203977667, -176.25069069483118, 1100.4810342195015, 1052.5897291873196, 1056.8057769217235, 878.1107208381093, 1056.0788348715573, 1159.6882916842546, 77.70630428963253, 1127.8601418123023, 1113.6053922959773], "final_eval_mean": 970.5294690407511, "final_eval_std": 315.4853959076478, "total_iterations": 488, "elapsed_seconds": 8227.411186218262}