{"algo": "PPO", "env_name": "HalfCheetah-v4", "partial": true, "seed": 2, "hidden_dim": 64, "project_dim": null, "eval_iterations": [5, 10, 15, 20, 25, 30, 35, 40, 45, 50, 55, 60, 65, 70, 75, 80, 85, 90, 95, 100, 105, 110, 115, 120, 125, 130, 135, 140, 145, 150, 155, 160, 165, 170, 175, 180, 185, 190, 195, 200, 205, 210, 215, 220, 225, 230, 235, 240, 245, 250, 255, 260, 265, 270, 275, 280, 285, 290, 295, 300, 305, 310, 315, 320, 325, 330, 335, 340, 345, 350, 355, 360, 365, 370, 375, 380, 385, 390, 395, 400, 405, 410, 415, 420, 425, 430, 435, 440, 445, 450, 455, 460, 465, 470, 475, 480, 485], "eval_means": [-8.76497725199209, -10.679446304087266, -15.278640538693393, -24.065931528603322, -25.91317801087935, -30.127462625058023, 2.2489009812167104, 7.000219008945448, 6.841461368641771, 6.30873867586322, 7.581178708391145, 1.2581218686689486, 3.875519603166512, 4.385014617304267, 0.6772570409026494, -12.020865708310492, -14.032026688867012, -9.470508671513072, -20.1735218741737, -19.249624739638683, -17.028151807493213, -19.038479091682373, -26.431771397251982, -32.357462580374914, -21.53004174895075, -13.204066808503512, -14.607246940437674, -18.3243410252575, -18.43603347726456, -24.91882251685935, -18.23108555783261, -21.005032972524305, -18.055349163125914, -20.208502101613778, -24.089108591852014, -30.099280527745996, -43.837711953788315, -32.313748573706846, -43.17940941004812, -30.854249800098284, -43.83521967213197, -64.24964754266394, -75.45483819214955, -71.57402351421445, -63.560825610280226, -100.63518471464569, -100.407051534028, -106.08545294671578, -109.93069624483475, -120.477591552083, -104.56937295021699, -133.75807520844165, -110.03967935516366, -93.21335721858141, -56.51081386171497, -60.06173130396699, -52.29636101052455, -43.86144467994063, -71.41843576532942, -106.91432390448617, -58.69121178033325, -55.837015397845654, -52.6079649015202, -52.50009200757417, -61.237153328745244, -74.55688423650103, -50.97840704274599, -73.24703477674554, -107.08852857890504, -127.90344080300137, -97.9085403372068, -75.67542358951943, -78.77380062115927, -84.02536178417851, -126.87969165869659, -83.23381426586471, -54.02931339155731, -71.4644631803267, -65.76673149366147, -68.78391195664094, -76.84256993042285, -90.33705681046666, -131.47857673750428, -133.23198928122721, -131.53416536258274, -122.78564651174032, -136.33190090829314, -134.97050764089082, -132.7465495608993, -142.80568357921828, -142.8668310411598, -148.4107155646183, -140.83150820739556, -139.1870055280123, -130.41709872492535, -124.8971232939662, -122.16419481737083], "final_eval_returns": [-119.1827095796585, -120.32966574021995, -118.67957081400374, -119.71132493468532, -118.19390818715196, -120.61543684507406, -119.33434712947732, -118.37745908538342, -121.31367998638666, -118.9977870310073, -117.465804543579, -119.5859512819166, -121.69488683226619, -118.92412126520983, -119.47599391003675, -120.60196294260213, -120.2777852550913, -118.9916946445953, -118.54826922941677, -120.76396678687809, -117.51212079920714, -118.84081732779522, -118.86660923900455, -121.1986929972576, -120.89788081222957, -119.25912091979309, -121.2664610815216, -121.09879940496047, -118.78445928071886, -120.0901395766757, -120.40185495050758, -121.53620308462786, -121.13483226869378, -121.10189640872031, -121.39441449148208, -119.5657005692442, -117.19395635755161, -121.4334602783027, -118.81093638446346, -119.23749797417707, -119.4920063584978, -119.29447382978704, -121.62779557357572, -120.1886197894474, -120.20586001004168, -119.44598005344595, -119.97008731071173, -120.99260207837632, -117.00555353173438, -120.52369644642633], "final_eval_mean": -119.78877710427237, "final_eval_std": 1.2154816906388974, "total_iterations": 488, "elapsed_seconds": 8301.461004972458}