{"algo": "PPO", "env_name": "HalfCheetah-v4", "partial": true, "seed": 1, "hidden_dim": 12, "project_dim": 2, "eval_iterations": [5, 10, 15, 20, 25, 30, 35, 40, 45, 50, 55, 60, 65, 70, 75, 80, 85, 90, 95, 100, 105, 110, 115, 120, 125, 130, 135, 140, 145, 150, 155, 160, 165, 170, 175, 180, 185, 190, 195, 200, 205, 210, 215, 220, 225, 230, 235, 240, 245, 250, 255, 260, 265, 270, 275, 280, 285, 290, 295, 300, 305, 310, 315, 320, 325, 330, 335, 340, 345, 350, 355, 360, 365, 370, 375, 380, 385, 390, 395, 400, 405, 410, 415, 420, 425, 430, 435, 440, 445, 450, 455, 460, 465, 470, 475, 480, 485], "eval_means": [-20.066185831593614, -21.555956552368343, -22.378871199623923, -22.479203341712015, -23.34995432108929, -23.21583871495315, -23.635363392472833, -23.691680929511126, -24.35207280540398, -24.43858835362492, -25.56221798639922, -25.79792865908728, -26.32243292374598, -26.640071665410506, -26.075449775701273, -27.092554106242474, -28.239044814467388, -30.094993561680635, -33.30700242601219, -42.38173612922927, -51.010202977874975, -41.725453882144286, -31.506743405773637, -24.57981344989803, -18.601778561120693, -13.322350801894839, -9.46474331646925, -6.363727307422518, -46.56902575086294, -4.626831494833009, -10.122500528773367, -9.61178996564344, -7.581178511328751, -10.285647109082051, -7.666192725157427, -8.290624085173013, -9.137008946053935, -8.546420901813267, -9.025894802457927, -53.66864042823565, -50.492811734034746, -49.750182416185744, -1.3143018016218764, -1.346170607700474, -1.3830711670648361, -1.506507833932068, -8.74716038443452, -23.45305776325615, -45.720631084081894, -3.213504218810277, -2.9272013783464983, 0.39174551472162683, -0.34314285532979094, 1.3850095427178792, -0.9424632503834318, 0.4614325513137324, 0.8250461924339227, 0.8103537638169916, 0.5664947708747745, -1.241641454570612, 0.5112238222263441, 0.8952525008016888, 1.1507479567788557, 1.6833097374553816, 1.430639276391267, 0.5777108069783824, -0.4887445197960644, 0.1745827816246597, -0.2860166713693671, 0.2825654762308508, -0.0983532667962594, -0.31350642294314984, -0.4948488066227892, -1.2158997877327735, -0.6945194776157938, -1.3998136028219634, -1.99936357807062, -2.918987989109644, -3.5054657687163586, -4.118225964290899, -4.572921948752432, -4.689153637751802, -5.6773856475531534, -6.054072180389278, -6.542365113388614, -7.61203265505445, -7.816356025574705, -8.993450251689543, -9.62963524862309, -9.770871367255737, -9.69236533806532, -11.358726725311096, -11.108360237691961, -11.724966381277847, -12.426089530439658, -12.402321756255628, -13.364985644418848], "final_eval_returns": [-12.119599580983156, -12.846233340021017, -11.60217152766765, -15.334061234967502, -12.632237355779724, -10.510617626434824, -14.052576550898571, -13.103320048232328, -16.54485380638551, -10.922078922942813, -16.008507569725705, -13.418692394888284, -16.668681156571186, -16.17651695757533, -9.300944683411357, -13.04140451346667, -18.134357992414742, -10.99183081325426, -13.998849508821426, -17.07058269271598, -13.420456318206712, -14.94748027345806, -13.174544083147143, -15.827728793654867, -12.795426476732796, -10.98995435611285, -15.253154124612958, -15.805369149066552, -13.167244374253166, -12.539261914985548, -15.60979155070372, -11.70296488639384, -15.600729198847183, -14.265205980369025, -14.992473963854415, -16.490919258912292, -11.048300524861965, -13.949433938500347, -9.522054780516688, -16.522335937508714, -12.971779107099389, -14.679528149823112, -12.101703728001064, -11.904981001203378, -12.341334343330736, -15.465108391427245, -11.248552927942942, -15.124111471346028, -12.72085658744504, -12.366178010863768], "final_eval_mean": -13.66054163760679, "final_eval_std": 2.0786148427829816, "total_iterations": 488, "elapsed_seconds": 8583.311542987823}