{"algo": "PPO", "env_name": "HalfCheetah-v4", "partial": true, "seed": 0, "hidden_dim": 12, "project_dim": 2, "eval_iterations": [5, 10, 15, 20, 25, 30, 35, 40, 45, 50, 55, 60, 65, 70, 75, 80, 85, 90, 95, 100, 105, 110, 115, 120, 125, 130, 135, 140, 145, 150, 155, 160, 165, 170, 175, 180, 185, 190, 195, 200, 205, 210, 215, 220, 225, 230, 235, 240, 245, 250, 255, 260, 265, 270, 275, 280, 285, 290, 295, 300, 305, 310, 315, 320, 325, 330, 335, 340, 345, 350, 355, 360, 365, 370, 375, 380, 385, 390, 395, 400, 405, 410, 415, 420, 425, 430, 435, 440, 445, 450, 455, 460, 465, 470, 475, 480, 485], "eval_means": [-8.304029184771396, -8.563274792030779, -9.49338167427752, -11.736068017262165, -13.610596543480002, -17.5736655392861, -22.467392069391916, -26.250940397676253, -26.051066875128626, -26.88011177035137, -31.477371788998067, -35.73426500037841, -36.50521518881606, -34.12411127009204, -33.14653316963273, -33.575453481792984, -34.34430587563747, -35.87088643308418, -38.06629572181528, -38.87760167050429, -36.804806599069224, -38.341683321969455, -37.16649230695943, -40.81966580580363, -46.18979323018094, -45.282052165058985, -43.690999705264375, -44.65051513865985, -37.19100505058302, -39.334337223420135, -39.94559828700585, -41.88438356065411, -7.8760686046414, -13.992009993621043, -7.627706397529931, -7.759688995139709, -10.93165829983132, -11.364469801790424, -13.433320814679673, -13.88236147593543, -14.459271324624702, -15.590380622768139, -14.556704578907743, -14.935077044534523, -13.418392198612112, -12.766060612011781, -12.83173147416435, -12.779414179195719, -12.971036568479366, -12.681032899804514, -14.972219308168407, -15.088494114090727, -14.879977808674514, -15.36926793137268, -14.990723735950358, -14.427768654861488, -14.610139960897746, -12.12929835624222, -11.084177399681687, -11.255686140060266, -11.408870778764587, -11.250749520133144, -11.36140830853315, -11.376768403952669, -11.38214880818134, -11.544369399290082, -11.64586356779696, -11.00045645705863, -11.034046154734854, -10.802394606959378, -11.058738620056195, -10.957316471587678, -10.842703785387988, -10.86778134531252, -11.105855710079215, -11.235822391879571, -11.274791445213403, -11.34704850524943, -11.22186505010197, -11.041494783528137, -11.342230865754093, -11.55525836179196, -11.675760763652486, -11.683169448940827, -10.99307916286288, -11.152899749252915, -11.233437899985155, -11.040669399197357, -10.836832750009535, -10.648351148706977, -11.26118853217072, -11.199469494901798, -11.026705614106206, -11.049816640942106, -11.20451933196178, -11.02006113211664, -11.266357552677603], "final_eval_returns": [-11.950368325867087, -9.057348497785902, -11.236023437227507, -9.438073194688137, -10.528327898383354, -12.738498138240235, -10.319894272196361, -9.785713025566517, -13.277793677151003, -10.19678489751665, -10.573248876672837, -10.003149514573845, -13.557475522806412, -10.25125636324761, -9.520639858301955, -11.365506502124775, -10.034275875476107, -11.944680086713355, -9.916327726027014, -11.386849343724592, -10.629024362584154, -10.269047966896633, -11.863004609580097, -10.246906004282868, -10.566204215192379, -11.586187902111444, -10.178994127022523, -12.030545138972872, -10.392349741309356, -11.468539502492854, -11.08587695427115, -10.088567002897515, -11.776392150692143, -10.93384183568108, -11.90466823307405, -11.928487308096873, -10.83489222102376, -12.198816499829208, -10.04508430632479, -9.536007113085097, -12.076135753603552, -10.640302170812815, -8.633963734788567, -11.868579499191565, -12.101437324668218, -11.378459981429607, -11.436860601040175, -9.70751647958773, -10.919060556696053, -12.548944514974764], "final_eval_mean": -10.959138656930104, "final_eval_std": 1.0733306457609542, "total_iterations": 488, "elapsed_seconds": 8613.988817691803}