{"algo": "PPO", "env_name": "HalfCheetah-v4", "partial": true, "seed": 0, "hidden_dim": 64, "project_dim": null, "eval_iterations": [5, 10, 15, 20, 25, 30, 35, 40, 45, 50, 55, 60, 65, 70, 75, 80, 85, 90, 95, 100, 105, 110, 115, 120, 125, 130, 135, 140, 145, 150, 155, 160, 165, 170, 175, 180, 185, 190, 195, 200, 205, 210, 215, 220, 225, 230, 235, 240, 245, 250, 255, 260, 265, 270, 275, 280, 285, 290, 295, 300, 305, 310, 315, 320, 325, 330, 335, 340, 345, 350, 355, 360, 365, 370, 375, 380, 385, 390, 395, 400, 405, 410, 415, 420, 425, 430, 435, 440, 445, 450, 455, 460, 465, 470, 475, 480, 485], "eval_means": [-3.932893203026575, -2.664210889124647, -3.8940269322683303, -6.484835976032035, -9.14572990774143, -11.6023903760893, -11.664172486759492, -15.028388285422434, -18.486260941575463, -27.480610115788622, -32.591187838654825, 2.2544526414213246, -2.5783429855593862, -3.075974758252977, -5.224931256595665, -4.840111433099467, -8.554940013609722, -21.402631921301868, -21.20512541902545, -16.764556684250465, -11.096191716836108, -7.2769863508133845, -16.834556002842017, -47.32279539513689, -17.343788612722236, 191.4504362900408, 371.9572946449004, 426.157615115332, 566.0765672685155, 653.9417208040093, 653.8805048985022, 670.2396528530718, 695.1351651773507, 713.0031723963153, 705.051918511193, 689.7490475965628, 719.8178925113242, -10.897581418557323, 726.449042426388, 704.2131171816816, 684.0477776355851, 715.5241303742321, 722.9137971505942, 723.9025651425513, 730.1405628552369, 770.1303418678208, 771.1467608337855, 777.6288463292217, 752.5238986576111, 761.7265881002403, 779.7891910745793, 785.4335479738556, 786.6069103916884, 789.5781407386629, 782.2427998157448, 776.5463995607963, 798.4708853706969, 824.3512628303242, 831.9694008892955, 857.1827012421547, 873.4360182126557, 873.0347868802876, 853.7606612818645, 841.3202700932993, 860.05753833162, 862.0853664725654, 884.0607293024165, 885.9202163322277, 903.5586928451211, 913.9763360009255, 901.4568331948894, 889.4193240262009, 881.1696196084599, 886.7485764566624, 896.52128579782, 896.9996365164213, 882.670373821065, 893.9665446802594, 894.4532958864544, 888.9265964119847, 883.088935304721, 889.871500601001, 893.6081299141937, 890.6981459648065, 892.8239499580545, 901.0057789791581, 898.4554622860633, 899.2801399651885, 897.7860428915384, 898.6985280206026, 898.2883639343702, 898.1923932121233, 897.1174877888307, 903.859699361427, 906.756660489889, 904.2252314511052, 904.2318402575261], "final_eval_returns": [882.6020956030043, 932.9024626776372, 914.0062466529935, 900.6628446831073, 904.2049947587175, 898.3275210119614, 910.5082022663701, 933.7856188368921, 864.628098355993, 895.2843809637666, 912.1628038940772, 870.5769837125781, 918.0619067366684, 923.2288876003273, 942.4228356135537, 901.1192721440676, 911.6794904797089, 898.8791723447647, 940.2002777026294, 934.6352008521472, 894.3191767535211, 880.4921113356767, 898.8269855717829, 883.605606036384, 919.8973017392029, 904.5192102858812, 919.6403284447384, 891.3329712245461, 914.8749712711947, 906.418196799357, 892.8240733139979, 910.5472275356542, 933.5162002736495, 882.5673712318685, 920.7433811465435, 911.9441015968494, 906.40470766251, 897.6794672200112, 890.0824110110847, 900.5376286760272, 862.484819380804, 902.2143286344282, 914.8621769694923, 888.9746650347374, 932.5159875465131, 895.7676406580839, 931.9940355356907, 873.2532957193437, 892.5506265539927, 925.5793873033738], "final_eval_mean": 905.4169937871583, "final_eval_std": 19.340907329022798, "total_iterations": 488, "elapsed_seconds": 8321.072945833206}