{"algo": "PPO", "env_name": "HalfCheetah-v4", "partial": true, "seed": 3, "hidden_dim": 12, "project_dim": 2, "eval_iterations": [5, 10, 15, 20, 25, 30, 35, 40, 45, 50, 55, 60, 65, 70, 75, 80, 85, 90, 95, 100, 105, 110, 115, 120, 125, 130, 135, 140, 145, 150, 155, 160, 165, 170, 175, 180, 185, 190, 195, 200, 205, 210, 215, 220, 225, 230, 235, 240, 245, 250, 255, 260, 265, 270, 275, 280, 285, 290, 295, 300, 305, 310, 315, 320, 325, 330, 335, 340, 345, 350, 355, 360, 365, 370, 375, 380, 385, 390, 395, 400, 405, 410, 415, 420, 425, 430, 435, 440, 445, 450, 455, 460, 465, 470, 475, 480, 485], "eval_means": [-15.108800457780621, -15.208647102202635, -15.697699514980602, -15.760220645909705, -16.218730206388777, -15.618055407483446, -15.300080632649726, -15.338913724604799, -15.014388941735328, -15.397872248348678, -14.920410740080303, -14.48128137473327, -14.604949099849085, -14.939516977826765, -15.376751953671858, -16.519859407437444, -17.653347872594303, -18.782206297828115, -21.681846802982268, -26.53612866591077, -38.54989916705231, -53.6922983499001, -37.98736805044393, -32.27716901220514, -37.457784340153225, -34.58515116269419, -40.48767434978334, -40.269410961877426, -34.89054673274628, -39.74045325893942, -33.26675468427333, -36.00257200259167, -43.05758995002331, -43.89611303674343, -35.78570282794929, -36.27376131556964, -32.12561874083418, -34.850191674929896, -41.507294044938796, -40.617805548276124, -30.746956081247653, -29.46067850340052, -29.06166912227037, -34.57269836143172, -13.008600365741504, -11.697257648120504, -10.122582420573526, -7.754036453847101, -6.6793295309322085, -6.4333189705765665, -6.008952838468782, -6.296361759300588, -11.895546413890253, -19.07384688820367, -7.044661137916275, -6.253784574947968, -6.455299895912158, -6.48182825898058, -6.206615555519147, -6.909228678078474, -6.372020543375458, -5.295987934111697, -5.0750657643463475, -5.084795101721142, -5.530956887700524, -6.393408943211222, -7.406850011983734, -6.310370954227921, -5.336666017691332, -4.7223795728918665, -4.73726086430438, -5.773722065851355, -6.3015340682921375, -6.141533328330795, -5.3146441321014235, -4.9292234793780745, -5.345119440751222, -6.744547516347742, -8.396306845344032, -8.058530805534687, -7.212359072621283, -7.513977265784241, -7.580101679494085, -7.965257242590613, -8.285068302144659, -8.238865359538709, -8.526621148642153, -8.380409136068963, -8.024993756768877, -8.382787872086089, -9.122882869565675, -8.690282201267209, -9.237849204881408, -9.463254042919909, -10.019627781777649, -11.037863180187484, -11.051562902840335], "final_eval_returns": [-11.693718305908254, -10.159616950246644, -12.27825638146571, -11.033438437247154, -10.817920243402455, -12.85699230844335, -10.911439381316095, -10.303107688433826, -9.074799612635587, -11.373818816984848, -10.859500399049594, -12.327045088301155, -12.79073765474513, -11.606406592947693, -10.942361658285003, -10.183833804441182, -9.267963846528671, -12.710419390922011, -11.144323231929157, -10.966467566046987, -11.161503074251618, -10.626703055675726, -11.101935798416623, -9.832318708357272, -11.31938137504543, -10.977635700625068, -9.207721674692397, -11.334510548998201, -9.815263382894882, -10.153056492449112, -11.366850384824515, -12.526238569118604, -10.41125767824005, -11.163885589546114, -11.445311659085547, -11.26050160114457, -11.820522392652316, -11.168297360093772, -11.343764200903532, -13.07896959315567, -14.37158389996649, -11.781097946877914, -10.943515341144623, -10.110429610849089, -11.116705841539087, -11.458437708044356, -11.534899936123644, -11.02527389449653, -12.117669680118574, -11.026381978708105], "final_eval_mean": -11.198075840746396, "final_eval_std": 1.0051787761263753, "total_iterations": 488, "elapsed_seconds": 8646.225994348526}