{"algo": "PPO", "env_name": "HalfCheetah-v4", "partial": true, "seed": 2, "hidden_dim": 12, "project_dim": 2, "eval_iterations": [5, 10, 15, 20, 25, 30, 35, 40, 45, 50, 55, 60, 65, 70, 75, 80, 85, 90, 95, 100, 105, 110, 115, 120, 125, 130, 135, 140, 145, 150, 155, 160, 165, 170, 175, 180, 185, 190, 195, 200, 205, 210, 215, 220, 225, 230, 235, 240, 245, 250, 255, 260, 265, 270, 275, 280, 285, 290, 295, 300, 305, 310, 315, 320, 325, 330, 335, 340, 345, 350, 355, 360, 365, 370, 375, 380, 385, 390, 395, 400, 405, 410, 415, 420, 425, 430, 435, 440, 445, 450, 455, 460, 465, 470, 475, 480, 485], "eval_means": [-23.39604381334186, -22.679550422142547, -21.586995034633343, -20.407641438983514, -19.249340131128143, -19.21048412245943, -19.35161857827091, -20.254236974805963, -20.289317803082405, -20.36641829152215, -20.216554143121787, -21.317619154471164, -21.29532148631776, -21.39280829169505, -21.308014624173826, -21.355001410100797, -21.341557809410265, -20.93009118130102, -21.291175676702643, -23.077948908678795, -25.39289188902608, -25.648758530931378, -26.46870858860409, -27.684685266867394, -33.48969180250157, -44.15476138074158, -46.3894011118446, -51.253682489148794, -64.20107773106405, -82.45543410779075, -78.06786295947643, -104.63104996570894, -126.53030079950672, -136.25096865226388, -133.42729160644515, -129.35431903217648, -117.22963328625147, -147.94121023628423, -121.8321749083894, -103.48340722316672, -93.99391724563883, -91.73162659265292, -89.52165549369224, -93.91544125580154, -98.43070243253872, -98.95150689928869, -83.65590765165442, -80.89002236642779, -76.75523853388626, -90.8653094056005, -98.31074357140311, -100.43991001164413, -107.19739186727466, -109.58956312546356, -109.48803136587755, -107.3207723656434, -102.03849192503569, -106.13059651803712, -106.81996521726677, -109.43364901715545, -114.39289575022494, -113.51049095751667, -114.28313846592424, -115.3467502357935, -116.61495208005103, -115.19793915993674, -113.0382613918557, -112.1707294683307, -114.17587834043779, -112.61711485547241, -112.47660478807659, -117.00220695650778, -117.09437637531715, -114.71365926794535, -112.98134077260643, -113.75236685172567, -115.04272752453983, -114.78858287902176, -115.07660891773399, -114.95556926076371, -116.94800708328974, -119.27119772732782, -123.0642963110129, -124.01615921488423, -125.30521741008234, -125.35819509562862, -124.33853436515454, -123.56359166361922, -122.17530934925034, -121.66926354895402, -121.28910808236344, -121.29269302626571, -121.07096590844398, -120.43589943497885, -120.71231826931326, -120.6369091997284, -120.30701181074424], "final_eval_returns": [-119.551497041652, -119.93764112128444, -119.68868554448227, -119.4263297955547, -119.08567662861194, -119.32834992581088, -119.88764316978464, -118.16986153913858, -120.81067820018453, -118.98829196448416, -119.27982727122037, -118.47760214175571, -120.06608548875573, -120.3829014685773, -119.50562919786988, -119.73783722313439, -121.41011660158715, -120.22103514910742, -120.15163319435855, -119.45395464193828, -119.40671958669793, -119.54334426843349, -120.16016346904023, -120.11648024260354, -120.88269438342192, -118.67366157640443, -119.83596874342891, -119.38624118952153, -120.39069020879016, -119.76092561968768, -120.63085960790163, -121.04242803482114, -121.43881289128328, -121.52621962061707, -120.019064559353, -121.26061526007267, -119.0336911601872, -121.1621554959054, -118.95437340080169, -120.73370136295654, -121.42184541355329, -120.44712327303006, -120.8250087578945, -119.81172859987292, -120.8548394853664, -119.76880696972853, -118.98198076385906, -120.96804458906216, -119.18414276603224, -120.61876113889151], "final_eval_mean": -120.00804739497025, "final_eval_std": 0.8306812927968023, "total_iterations": 488, "elapsed_seconds": 8599.956367015839}