{"algo": "PPO", "env_name": "HalfCheetah-v4", "partial": true, "seed": 4, "hidden_dim": 12, "project_dim": 2, "eval_iterations": [5, 10, 15, 20, 25, 30, 35, 40, 45, 50, 55, 60, 65, 70, 75, 80, 85, 90, 95, 100, 105, 110, 115, 120, 125, 130, 135, 140, 145, 150, 155, 160, 165, 170, 175, 180, 185, 190, 195, 200, 205, 210, 215, 220, 225, 230, 235, 240, 245, 250, 255, 260, 265, 270, 275, 280, 285, 290, 295, 300, 305, 310, 315, 320, 325, 330, 335, 340, 345, 350, 355, 360, 365, 370, 375, 380, 385, 390, 395, 400, 405, 410, 415, 420, 425, 430, 435, 440, 445, 450, 455, 460, 465, 470, 475, 480, 485], "eval_means": [-10.888716576807182, -10.249570890494047, -9.592759984640965, -10.093797991093076, -12.229510862637994, -13.74952473656672, -17.233587143911894, -20.55361547371831, -22.114165833524922, -26.55938032436222, -27.574174188472956, -29.529561605166485, -34.95611528030896, -45.272552431737424, -51.16882157863856, -50.817661589706425, -50.61482428492258, -51.11018188675215, -51.461361825436526, -53.18765006497854, -51.02115653561313, -19.903691759148504, -22.80305879112226, -57.77666236102215, -59.890013592104616, -54.4515362548673, -53.62574605790957, -53.77390688673508, -57.13411506798642, -59.048139304276404, -28.525379080795087, 7.690542777717194, 6.414404646506886, 2.6214294967520986, -0.3027304217324426, -4.146114895358206, -8.79498209736813, -17.61911045996545, -17.861755644530643, -19.006622660698596, -14.556248198748474, -12.903725001491612, -13.92927162155849, -9.074457187321027, -9.56594180250537, -12.180475085807439, -12.95860653765675, -18.126149690289648, -26.67311816789119, -28.284690412072674, -24.174618347923104, -25.731691239995516, -30.899919458669793, -15.249699106667178, -14.191705342324239, -12.120005341927474, -13.772787986239182, -24.539134015857133, -19.14084710168202, -14.283707272784996, -17.673674812744142, -24.933614284099768, -29.206049531226117, -29.097010623158308, -29.463963545059556, -29.44624753391932, -25.046653668314274, -21.83174435274327, -17.871564977127697, -14.019206176243916, -14.632907040470661, -16.22346581409637, -14.733065141853803, -12.934540064819053, -12.274011291226778, -14.864655795346886, -15.409258763337952, -13.081893899984198, -14.573831077151373, -15.87259686932964, -14.755736293903793, -14.611250644832612, -14.736615581535084, -15.069523571678408, -15.68529823260099, -15.684562969969045, -16.432236300099724, -17.707982761644168, -18.96677736502151, -20.494014425060417, -20.612385421000436, -20.141642607055445, -19.671113935251704, -19.62099029037761, -19.91185063319301, -19.556899020112816, -19.053445521576062], "final_eval_returns": [-18.690678057197516, -19.340910674440508, -21.003906573049377, -19.73758475633766, -17.57225349378414, -19.24680636935111, -18.905952549502928, -19.027819651594346, -19.64137907289452, -19.26765100322442, -22.44380061076318, -20.10606690293922, -17.411004621111484, -17.264857473468453, -16.842834728576474, -19.917231438716186, -19.393965060980307, -19.928575816434844, -19.883417933255988, -19.053814591427113, -20.716201766419754, -19.988306955693762, -19.619325193649196, -17.85857823385254, -17.988480713960698, -21.306352793641402, -17.730377872865315, -18.713675425677174, -19.261042392383494, -18.856093127966183, -16.074776005575107, -18.11082712684979, -19.95157086004727, -19.492047653796302, -19.077019333921967, -18.898254563862643, -20.434533669819267, -20.7723114094264, -18.696061531144572, -16.724379778728434, -19.574537864675243, -18.40336030314604, -20.981535699570646, -20.513894855031666, -21.22764349079065, -18.585471554082865, -18.118523184241283, -17.885067026026157, -15.524321067660793, -17.870752214589004], "final_eval_mean": -19.072716700962907, "final_eval_std": 1.3794394743790528, "total_iterations": 488, "elapsed_seconds": 8563.670594930649}