{"algo": "PPO", "env_name": "HalfCheetah-v4", "partial": true, "seed": 3, "hidden_dim": 64, "project_dim": null, "eval_iterations": [5, 10, 15, 20, 25, 30, 35, 40, 45, 50, 55, 60, 65, 70, 75, 80, 85, 90, 95, 100, 105, 110, 115, 120, 125, 130, 135, 140, 145, 150, 155, 160, 165, 170, 175, 180, 185, 190, 195, 200, 205, 210, 215, 220, 225, 230, 235, 240, 245, 250, 255, 260, 265, 270, 275, 280, 285, 290, 295, 300, 305, 310, 315, 320, 325, 330, 335, 340, 345, 350, 355, 360, 365, 370, 375, 380, 385, 390, 395, 400, 405, 410, 415, 420, 425, 430, 435, 440, 445, 450, 455, 460, 465, 470, 475, 480, 485], "eval_means": [-3.6904065778809576, -3.4640036961212557, -4.652448818878571, -4.519337978041636, -4.675795524192754, -4.0106181894999, -2.986586151960582, -2.4427892440706516, -2.6622682903572454, -4.138708823481263, -8.212334955738525, -12.95231649696583, -19.877312445269926, -23.742694479651842, -27.531218972971786, -27.381237853366507, -36.609917809987294, 10.923651002737357, 10.501864641113904, 10.64094581947206, 9.615975082089456, 6.811068615893881, 2.1010061899138193, 0.3985879815666791, -0.36874530742819445, -4.5699643866128925, -34.78051075171851, -88.06196933740243, -2.784632659996423, -18.650043158193835, -8.121009269160817, -14.38305913942015, -11.86257466070827, -7.315468641675497, 360.80490525949097, 366.6129465256774, 408.39875093393476, 418.3735365697436, -102.71229222334198, 435.4077241781273, 10.582195542777143, 330.76838091379744, 49.065814774045265, 274.5311994625877, 442.22895173473876, 431.69809415245106, 428.2127071515489, -105.51543577856893, -110.27940985665543, 417.4564826428754, 434.26815069211693, 73.24390368592138, 509.1556471045439, 477.4935814787499, 543.3714073157475, 586.1544294827678, 632.4534227423409, 625.4920697179247, 641.1113850190578, 681.2262784611564, 724.1099691192593, 734.1350706212463, 748.5221564516538, 751.719226177214, 767.9867501905657, 797.4145409852864, 805.499856299611, 807.5906350411399, 818.8570211636469, 817.8972358558522, 840.2730540371052, 847.4298446094306, 859.2413757022367, 852.1936063098206, 844.1091008542353, 830.6833211967455, 816.7726594850938, 803.4045600485729, 805.4216121737448, 802.930327674323, 796.7020250900933, 789.9678308937706, 785.7127220641502, 798.3167390426725, 802.6694621284354, 803.1927414697004, 799.2718618462543, 798.2464336448321, 792.7289352030141, 792.9419022767211, 786.0941328108494, 790.6679774908812, 796.2349408072228, 792.993112177544, 795.0855440078084, 792.2577613646582, 795.3614686228492], "final_eval_returns": [836.4582816874083, 794.8713254491684, 816.2626077085274, 816.4476822617564, 820.5801131698356, 825.8062407762882, 798.7352652724585, 778.1432864430228, 813.1780461586168, 813.4303299660065, 785.8707237539147, 803.5367496771769, 801.4908798633198, 810.9571367588151, 765.5757806772546, 835.5104196502631, 807.8569381539545, 782.5302838762638, 791.599752006601, 829.2139787078627, 798.5099487865434, 818.9595238123502, 785.6605398985719, 736.6854274123849, 717.6137933853541, 774.7846701026319, 752.8451950157761, 806.8878106194403, 809.0600066118009, 773.3209093700294, 771.285714225873, 797.1325251866162, 778.75469392251, 783.3018314606929, 815.065071983169, 830.8959438372108, 827.7817840431355, 808.5383462202223, 796.696165039042, 806.7426605503151, 794.2343310073262, 765.4609619274919, 790.0716277606566, 813.1227286645274, 796.9940791227732, 773.6811249377436, 794.9368057410888, 757.4592580420409, 773.3810748568192, 763.0246088322527], "final_eval_mean": 794.8188996878981, "final_eval_std": 25.04480180404399, "total_iterations": 488, "elapsed_seconds": 8306.937088727951}